Area,Bedrooms,HouseAge,DistanceFromCity,LocationScore,Price
3219,1,0,22.5,4,15039047.82
3371,5,2,18.1,1,16392812.8
722,1,6,7.7,10,5254194.57
3261,5,13,7.4,10,16445291.29
1739,1,24,24.4,7,8628790.08
1978,1,2,12.0,6,10143865.26
2008,5,8,24.4,8,10377209.82
2150,1,17,9.5,10,10848759.67
2081,5,6,21.4,1,10425372.01
926,2,27,3.9,5,5211340.86
2457,3,5,11.7,4,12074368.97
3399,1,19,19.4,9,15721467.3
1602,2,14,12.0,9,8788642.31
829,2,26,1.9,6,5351479.2
2243,3,2,7.1,10,12058994.2
3284,4,12,26.7,8,15834707.38
1185,3,4,8.2,9,7083071.58
2354,5,12,11.5,3,11878441.62
2687,4,2,22.9,2,13143528.37
3387,4,19,2.8,7,16562888.72
3040,4,16,8.3,9,15191939.52
1069,5,24,8.7,6,6668408.6
1056,3,13,5.6,1,6368311.64
1678,5,24,6.2,2,8811995.45
3161,3,26,19.5,10,15373161.25
1261,5,30,23.6,9,7668296.65
602,5,10,15.2,2,4819652.42
1859,2,1,8.0,10,9998480.81
922,1,23,15.1,2,5149114.36
1115,2,21,14.8,9,6550784.27
1276,3,16,26.3,7,7593177.62
3425,2,22,10.0,6,15965091.96
2394,5,14,4.5,4,12298952.49
2868,2,18,7.4,2,13459331.58
3499,1,7,3.0,1,16075666.55
1574,3,21,15.1,9,8632326.44
1141,5,18,14.7,8,7225152.26
997,4,11,13.3,8,6404358.17
821,1,1,12.7,6,5228864.84
1384,2,17,14.0,7,7514546.21
1351,3,14,8.2,2,6964585.47
2854,1,1,19.9,9,14049151.11
660,1,29,22.9,4,3935381.42
1475,4,28,2.7,7,8500120.13
608,4,8,27.9,8,4685730.87
2876,4,4,6.5,4,14496411.94
839,5,23,16.7,6,5864640.09
2659,5,5,2.6,9,14060419.28
928,2,2,18.3,4,5217033.51
2933,2,18,18.2,10,14552066.43
935,4,21,17.9,9,6091526.32
3343,3,7,8.7,3,15976132.75
3351,3,14,10.2,2,15926164.13
2906,1,2,16.6,9,14182670.76
1686,2,29,11.1,2,8407488.07
1246,4,26,16.8,5,6918671.38
3105,5,0,20.4,9,15625104.48
1150,3,3,26.8,9,7269341.64
1236,3,9,18.5,6,7196582.06
1681,5,15,8.3,1,9185118.14
978,4,26,9.0,1,5597825.96
1672,2,23,13.8,7,8807279.71
2897,1,3,3.2,3,13409448.79
2985,5,4,13.5,1,14412518.76
1862,3,28,28.1,1,9020714.78
1622,1,11,23.6,7,8311865.87
3142,2,29,28.0,3,14609185.84
2288,1,5,22.4,6,11141878.88
2286,2,8,5.6,2,11124573.98
2527,2,6,24.7,8,12547037.13
2032,3,26,24.1,4,10025966.61
2232,3,8,26.1,5,11399793.82
2038,5,12,20.7,9,11032414.42
1669,2,18,28.9,5,8458170.15
756,1,19,13.6,6,4188289.0
1073,4,28,17.7,5,6473975.36
781,4,0,16.1,9,5651882.3
3346,2,11,13.5,6,15443080.79
3152,3,21,25.6,5,14560570.1
1936,4,22,9.6,3,9886059.8
1385,4,21,28.3,3,7259471.68
2844,1,9,9.3,7,13616101.71
2975,5,20,10.3,8,14794735.83
2538,2,21,3.5,9,12737968.93
3319,5,10,3.7,4,16155527.96
1415,2,0,2.3,8,8081811.63
3103,1,14,13.0,10,15055666.38
2624,4,7,5.3,1,13130345.72
1036,4,7,6.1,9,6685854.58
1097,4,4,24.2,9,7041768.45
2889,5,10,28.6,8,14252606.36
2667,4,26,27.3,8,12963254.72
1251,4,14,8.5,4,7313827.27
2735,4,20,7.9,8,13629645.75
917,3,7,8.9,6,5984334.34
1217,2,12,21.1,4,6564259.02
863,4,13,10.6,8,5849623.83
2320,4,28,23.3,1,11144263.3
2958,4,15,1.2,6,14605382.1
2316,5,23,22.3,10,12308282.8
1503,4,7,8.9,8,8908029.08
3381,4,23,5.8,8,16478149.02
1122,5,17,1.8,7,6960353.03
943,4,4,26.1,3,5636491.53
805,3,12,10.5,8,5405554.3
2152,3,24,28.6,7,10999020.55
1633,1,15,1.6,9,9239327.46
1518,1,24,28.8,1,7306552.86
727,2,6,25.3,10,5179622.82
3342,1,18,28.5,8,15618861.91
3465,3,24,11.7,10,16483091.7
1069,2,30,10.0,10,6223332.06
705,3,18,20.6,7,4604635.17
911,5,22,25.1,4,5849455.0
1017,3,27,20.8,2,5630399.2
768,3,17,13.4,6,4883991.26
882,5,20,10.9,7,6060919.89
2083,4,22,5.4,3,10489415.33
2737,3,19,24.4,9,13517640.23
3026,3,10,25.7,2,13981920.96
1742,4,7,22.8,10,9629653.04
717,4,27,10.4,8,5036321.46
1468,3,25,8.5,5,8107931.29
1731,5,0,16.0,4,9347091.76
950,2,23,12.8,9,5898538.11
3245,4,14,24.0,2,14969645.2
1805,2,12,21.1,5,9080898.34
2867,5,11,13.3,9,14489692.89
1954,3,22,14.2,5,9917594.97
1388,3,3,22.5,3,7618875.79
1384,2,23,15.0,10,7987955.72
1759,1,26,6.6,4,8652450.07
2078,2,9,1.4,9,10993261.71
823,5,9,21.2,3,5485434.5
3212,4,3,26.3,10,15908812.72
1995,2,30,2.5,8,10409697.59
1067,1,12,15.3,10,6368744.63
1211,5,30,9.8,4,6965184.47
1085,5,24,13.1,10,7096396.92
2740,4,14,27.3,5,13229853.07
3010,4,9,17.5,1,14087887.09
1451,2,8,20.2,3,7381977.92
1582,2,17,3.2,1,7786984.41
2524,3,1,7.7,5,12834043.36
3479,4,2,20.9,5,16762362.92
3308,2,13,4.3,4,15334961.63
3252,2,29,8.7,3,15075695.74
1859,5,23,24.9,5,9784033.62
2398,1,14,21.0,7,11832070.17
2622,4,2,18.3,7,13240055.42
1920,5,8,1.8,4,10722895.39
2956,5,30,1.6,5,14444872.56
2960,1,24,22.9,8,13728077.86
1739,2,18,13.6,8,9145479.33
973,4,11,12.8,6,6068009.45
1950,4,22,15.4,7,9935550.36
2853,1,14,3.6,5,13361424.09
2255,5,26,29.7,9,12088024.16
2492,4,1,6.4,6,12683859.34
2410,1,6,8.7,3,11436305.37
1779,4,28,21.2,2,9175068.99
1580,2,9,17.0,9,8721791.3
2271,1,7,29.8,2,10555242.14
1230,4,29,21.8,9,7249984.52
3489,3,13,25.2,8,16638373.54
2171,2,29,18.4,3,10549095.41
885,3,24,23.9,7,5294603.05
1694,1,9,22.1,10,9271305.63
2975,4,27,5.3,9,14622357.49
2825,4,14,28.1,4,13627695.65
3456,2,18,12.1,7,16594329.95
3488,4,12,29.7,3,16395753.97
2628,1,4,15.6,10,13033611.18
2403,1,16,27.4,1,11081840.9
1190,4,27,20.0,3,6849887.57
1685,3,19,21.1,2,8620029.59
1945,5,12,28.7,8,10510446.34
880,2,20,20.8,5,5141421.88
1531,1,13,29.4,2,7195554.8
718,1,10,24.1,5,4512394.5
2068,3,13,5.2,9,10759343.87
1337,2,5,3.3,7,7838781.4
3138,2,15,27.5,3,14498253.43
2482,3,21,1.3,8,12829762.56
1778,5,5,3.1,6,10151713.94
2337,3,14,25.5,4,11401636.44
2175,4,3,7.9,10,11722857.44
3464,3,0,29.4,7,16682796.21
1724,1,18,26.1,1,8397526.16
1772,2,19,24.3,4,8646289.32
3207,2,19,8.3,3,14664289.83
3247,1,9,23.9,1,14413858.49
2973,3,23,4.8,5,14210521.44
1422,2,25,16.6,6,7688485.52
2774,5,29,8.9,3,13493294.13
2573,3,23,26.2,2,12425779.19
2518,1,4,22.9,4,12169157.48
2227,5,11,3.6,7,11663750.49
657,3,17,4.6,6,4620868.24
2994,4,26,19.5,6,14198903.86
1043,2,15,1.7,9,6403907.62
3252,1,20,24.9,5,15127558.65
3259,4,3,5.1,1,15524360.55
998,2,28,16.6,7,5987968.95
2458,3,21,28.5,9,11978642.11
1232,4,20,3.9,8,7631819.19
3121,4,30,28.6,1,14308826.07
2421,2,27,11.5,6,11634974.43
2830,3,1,12.5,4,14252418.35
2462,1,21,7.2,10,12152856.48
687,1,25,10.7,3,4085089.98
2870,2,18,7.3,4,13515683.17
1945,2,25,27.1,1,9055504.06
1132,5,8,24.2,2,7142173.16
3307,1,4,1.4,4,15529369.07
1686,1,4,22.5,9,8928192.78
1065,1,15,14.0,6,5928797.31
2663,2,30,18.8,9,12901813.38
1835,4,20,29.0,1,9437951.47
2346,1,15,21.7,8,11479701.34
901,1,10,18.6,2,5157762.55
2997,5,22,10.4,10,15334029.4
2773,3,14,15.7,7,13859575.54
3281,5,23,26.1,7,16038411.45
2449,2,13,10.8,8,12020050.3
1880,4,10,20.3,6,10145390.71
1225,4,2,3.6,2,7241395.76
2126,2,17,2.7,9,11073647.35
2900,3,21,4.5,6,14412274.09
2332,1,30,9.3,5,10787224.51
2040,1,18,15.7,3,9706661.67
1043,3,27,17.1,2,5610527.82
1741,5,7,24.4,9,10159655.11
3113,5,0,18.7,5,15347250.48
718,2,8,21.4,5,4804250.38
1343,2,18,20.1,2,6808183.68
1181,1,2,22.6,4,6260005.83
1244,3,9,21.9,10,7614893.67
3042,1,28,2.5,3,14006002.73
934,3,14,20.2,8,5886910.54
3086,4,13,8.9,9,15546476.18
1760,5,15,16.3,5,9661530.11
786,2,12,29.5,1,4581482.24
1465,2,24,8.4,6,7823560.86
1091,1,15,22.7,3,5902593.1
1542,5,17,25.2,6,8737048.9
895,4,27,22.5,7,6063918.81
1882,5,13,17.6,7,10288866.86
1785,1,12,1.6,6,9435877.09
2484,3,2,13.7,2,12545932.52
1596,4,18,12.6,2,8276952.84
1990,2,10,23.6,2,9769299.28
2690,1,16,15.8,6,12535242.06
3243,2,7,4.0,5,15849731.58
1408,2,19,5.4,2,7459758.74
2623,4,24,17.3,10,13571001.32
2438,5,20,19.4,10,12514193.82
1894,2,14,3.0,8,10431938.94
3186,3,25,9.0,1,14710962.45
2491,4,1,2.6,5,12843667.67
914,1,19,18.2,7,5141811.78
768,4,29,24.5,4,4858725.72
1916,5,15,15.5,1,9528397.13
2006,1,16,19.7,1,9535300.36
1614,4,14,16.2,10,9302722.68
1758,4,13,23.5,10,9885672.39
814,3,2,10.6,9,5749581.86
3289,5,27,5.4,2,15518474.35
2986,2,29,11.1,7,14386917.3
947,3,17,11.9,6,6081445.04
1123,5,2,19.7,7,7147720.27
1865,2,30,7.2,8,9604759.29
1386,2,4,5.5,5,7755675.23
2810,5,1,20.2,10,14476682.65
1136,5,12,5.5,3,7058395.64
1278,4,1,12.9,4,7209198.59
2419,5,9,22.8,8,12593554.58
2521,2,11,20.7,10,12778217.16
2404,4,24,9.2,7,12012950.93
1263,2,25,18.5,5,6739176.18
813,4,27,11.8,2,4942929.52
1110,3,2,23.1,5,6336324.41
2440,5,4,25.1,2,12291191.32
2447,3,29,1.8,1,11637660.26
2223,5,11,7.8,2,11338579.97
1005,3,25,5.2,1,5669053.43
1775,4,22,25.1,8,9468283.96
924,1,8,7.3,3,5337061.96
2847,5,16,13.3,5,14130918.79
1576,4,20,24.0,8,8782683.19
857,1,26,27.2,10,4941001.1
2955,2,22,5.2,7,14173439.02
606,5,11,8.0,7,5127810.43
2744,3,2,28.6,9,13950506.57
2678,5,17,1.6,8,13981825.45
2129,3,23,1.5,2,10569896.41
2012,2,23,20.1,2,9666721.22
1961,2,1,11.2,6,9897042.61
3232,2,26,23.6,8,15411116.19
1346,2,2,21.8,8,7618905.04
