Experience,SkillScore,Projects,Certifications,InterviewScore,Salary
1,58,4,0,90,807710.61
9,72,7,8,70,1381909.22
8,42,13,3,58,1087978.71
10,57,2,5,67,1321353.25
12,87,8,6,61,1594177.01
15,63,15,8,57,1670539.79
2,86,7,1,67,883888.61
9,60,2,1,60,1090792.2
9,59,8,6,50,1222323.71
1,86,14,5,79,1016479.49
13,57,11,0,44,1335765.73
5,100,1,2,94,1161774.19
14,42,3,1,55,1328060.37
12,100,10,0,78,1530103.09
4,83,8,5,63,1083104.96
4,73,6,6,60,1052810.09
8,55,2,0,87,1149854.88
3,56,13,4,85,1076218.25
14,53,10,4,84,1601072.98
3,48,14,1,68,882790.37
5,97,12,7,45,1270130.92
10,82,6,1,75,1253980.48
9,97,5,2,85,1390843.6
5,90,6,8,54,1115592.13
3,52,13,2,55,898006.53
11,69,13,8,48,1443146.13
2,44,5,6,85,871117.8
13,92,10,1,48,1467885.16
10,81,2,7,69,1378815.47
5,89,3,6,72,1134964.44
1,93,2,8,49,928876.95
7,62,9,4,94,1273819.14
2,56,4,8,57,901797.99
2,72,11,2,77,998055.82
4,50,11,5,93,1083989.85
0,45,1,4,81,698796.16
6,89,10,6,79,1273065.26
9,81,5,7,55,1291705.32
12,59,8,1,84,1459038.31
15,69,4,5,78,1637003.47
4,60,14,5,86,1163106.53
12,48,13,5,72,1436085.75
3,60,4,7,47,896878.45
3,43,5,6,95,991364.48
13,55,14,2,92,1512973.04
10,52,13,2,71,1356429.17
14,71,15,4,71,1747313.5
14,55,4,5,43,1426138.5
1,58,8,7,58,770085.39
13,48,15,4,86,1513469.9
11,88,7,5,42,1369757.69
6,63,9,4,44,1095004.67
12,72,8,8,57,1526654.71
3,48,2,6,63,806032.87
10,75,6,2,52,1248138.03
1,42,1,2,85,698036.85
10,91,8,8,69,1563847.98
4,60,15,5,50,1106616.35
12,79,12,4,77,1515773.32
15,85,10,4,70,1775336.64
0,63,6,1,66,668924.76
0,78,8,4,81,866073.5
7,86,1,7,50,1128110.85
12,49,14,3,42,1327491.81
3,52,1,7,60,835871.24
6,66,9,7,95,1283887.06
1,85,3,8,53,776471.72
15,73,7,5,51,1527875.51
14,98,9,5,74,1675648.77
8,79,8,3,55,1300152.58
8,75,5,3,100,1358278.74
9,85,4,7,60,1347592.88
15,62,9,4,58,1612542.88
12,97,7,5,89,1685464.85
4,58,1,4,85,1068425.34
8,87,8,3,52,1312670.94
8,99,9,4,48,1384412.81
7,55,1,8,54,1142064.12
7,43,2,6,61,1039180.92
4,40,9,2,66,871517.93
15,70,11,3,88,1722995.49
1,98,13,1,81,1033495.95
7,74,12,0,98,1318428.71
5,99,15,0,93,1269028.02
12,90,8,2,99,1600628.21
9,96,1,0,59,1174106.15
3,99,6,4,69,1155207.11
15,96,3,8,69,1739544.34
8,52,13,1,61,1183260.65
8,85,3,0,87,1306123.68
10,90,5,3,51,1301568.99
12,92,7,8,60,1540172.76
2,65,11,1,51,904730.99
7,40,5,6,55,1035113.09
14,88,5,5,59,1551807.26
8,81,6,3,43,1166530.92
3,69,5,2,65,882950.96
9,84,2,4,63,1201382.99
7,54,3,7,49,950434.03
11,66,12,8,98,1609261.22
15,88,9,3,88,1743201.43
2,73,8,8,85,1136035.84
11,44,15,1,43,1293359.98
6,76,9,2,50,1016681.47
10,94,9,7,47,1422080.03
15,45,15,8,68,1569655.31
1,69,3,8,66,878648.71
14,83,13,4,86,1718561.13
0,65,5,0,87,785110.57
13,62,12,1,74,1503769.79
1,99,15,1,99,1078547.95
5,89,3,6,63,1153663.15
12,68,14,6,64,1626452.06
4,81,14,5,47,1156891.8
5,74,7,8,48,1103770.57
0,88,1,4,69,820167.09
13,74,7,3,55,1443467.44
6,99,15,1,42,1221798.32
13,79,13,0,55,1504454.73
1,68,10,0,55,821569.26
1,65,8,3,74,887546.99
1,48,9,4,54,853751.8
10,76,10,5,55,1370203.69
7,66,5,4,43,1110312.35
5,80,11,6,75,1094533.46
12,90,9,5,84,1616515.52
13,66,3,4,64,1461968.34
7,94,4,4,94,1389160.65
4,91,8,0,75,1052345.9
4,64,4,4,53,965561.53
10,81,2,7,94,1427970.69
6,43,5,6,83,1120371.83
1,95,2,3,91,994104.02
6,70,4,5,59,1030157.41
0,53,15,3,87,997428.67
15,98,4,3,65,1793732.16
7,75,6,4,64,1128565.71
9,56,6,8,96,1379699.91
15,69,2,7,88,1712511.31
11,60,7,0,76,1235480.36
7,87,3,0,56,1076910.24
13,58,3,3,61,1362806.46
7,64,10,3,71,1084148.21
10,56,13,7,86,1404253.51
15,69,3,5,50,1567886.36
5,98,15,8,81,1416997.78
1,73,1,1,100,888480.44
0,66,3,3,44,679483.74
4,40,4,8,69,901567.26
15,82,8,0,40,1573030.63
13,40,1,8,86,1414609.81
0,72,14,6,91,1115652.82
5,46,15,1,73,1045032.44
8,92,6,4,90,1412047.46
12,45,6,6,69,1244543.97
7,59,11,1,81,1118221.73
1,45,7,6,64,778737.33
0,84,3,1,71,808627.86
13,81,13,5,76,1761244.92
1,54,4,7,57,782154.95
1,99,2,4,97,973865.43
5,99,14,5,41,1193990.99
6,77,3,6,99,1273324.5
7,76,14,6,83,1364054.32
10,64,13,2,90,1479833.99
11,43,2,6,54,1226575.96
2,61,10,6,89,979938.77
14,71,4,5,75,1623805.13
12,67,3,6,45,1373627.7
7,85,2,1,57,1096309.79
4,64,12,2,87,1045666.58
2,40,5,7,63,845610.65
8,46,3,1,51,961893.31
13,46,1,1,62,1310928.97
2,78,10,5,95,1054520.18
12,89,2,8,97,1652081.19
7,76,9,2,83,1228586.93
9,57,8,2,44,1169360.16
5,67,5,6,59,1043683.7
8,100,4,7,78,1417180.93
6,69,2,2,59,1080124.08
12,91,14,5,68,1619519.86
10,67,14,2,59,1295705.24
6,70,6,2,65,1190584.88
10,58,12,7,76,1417374.96
8,92,13,6,63,1366639.52
3,99,10,3,77,1170739.54
0,100,12,7,100,1132512.94
6,68,13,4,93,1225756.0
13,83,8,2,80,1492712.17
9,55,5,2,85,1193230.77
14,78,8,6,74,1665131.81
13,74,1,5,84,1570227.66
2,46,13,3,82,874716.19
11,50,11,0,76,1381137.93
12,88,6,6,46,1479440.06
0,46,5,3,72,703663.08
7,68,6,6,69,1149308.69
4,62,1,7,46,902680.62
2,47,14,2,62,948178.5
9,61,8,3,73,1214721.69
14,86,12,7,60,1695679.22
2,59,1,1,41,748549.67
5,99,12,3,73,1200396.79
5,75,3,5,75,1062157.78
12,80,3,2,80,1483364.37
13,65,1,3,68,1376030.34
6,53,5,1,76,1002952.37
3,91,14,8,51,1127171.65
3,56,11,7,73,1041866.2
10,78,7,6,77,1467775.99
14,79,3,4,98,1668768.35
2,83,3,5,47,907810.05
11,84,3,8,64,1493385.6
13,78,3,6,67,1553312.61
5,75,3,7,58,1148194.15
4,51,6,7,79,1062457.5
0,71,3,3,92,861827.98
12,75,9,7,66,1511193.52
14,71,3,1,76,1458226.8
0,90,13,3,58,953841.6
9,50,13,7,76,1339351.44
15,75,9,1,76,1682367.87
11,74,14,0,88,1526317.92
14,74,4,6,46,1507838.27
7,59,14,0,68,1082921.42
8,62,14,1,68,1242702.38
7,53,13,5,95,1247758.63
13,50,10,2,90,1486249.4
1,76,6,8,57,954312.37
5,60,12,4,58,962748.05
3,48,13,6,98,1009997.97
1,57,14,2,84,925329.07
10,93,4,6,71,1429968.53
4,76,11,4,80,1087840.76
2,65,9,4,84,998530.37
11,69,8,5,77,1522015.8
2,86,8,5,94,1096606.16
2,90,9,6,53,1103718.44
15,57,6,4,61,1507491.45
4,76,14,7,90,1192330.53
1,42,2,7,41,742883.68
3,99,14,2,68,1003827.84
13,52,12,2,96,1558852.6
9,50,14,4,45,1190723.6
11,82,15,2,43,1393592.99
12,80,5,3,67,1418325.79
0,53,8,1,48,605829.05
7,73,11,7,40,1247836.61
3,95,7,2,70,1066090.78
2,54,7,1,86,876833.32
11,96,5,2,64,1429681.44
4,81,11,2,44,1014636.51
5,68,6,3,80,1087481.47
4,98,7,7,95,1293190.44
4,88,2,6,62,1173040.28
13,60,13,2,55,1445816.26
9,89,12,0,94,1451609.3
9,53,9,8,52,1256689.67
1,90,15,3,71,991136.19
12,47,4,7,80,1360567.18
0,63,15,5,48,798300.55
12,95,14,6,63,1608851.38
15,89,2,0,77,1599440.97
2,40,5,3,42,796546.81
12,72,5,8,89,1509331.12
13,67,12,6,45,1465916.21
4,57,2,4,45,828211.44
6,91,3,8,60,1179833.28
2,59,12,6,86,1051058.97
7,43,4,1,99,1047473.19
1,59,11,2,47,800189.52
0,85,3,0,50,702487.14
8,50,6,2,87,1174535.78
8,86,15,1,89,1429270.3
13,57,9,1,56,1364285.95
2,71,8,8,63,1074377.73
5,63,3,4,89,1111223.2
3,97,10,1,54,1039413.14
0,55,1,7,63,738178.06
12,98,3,2,99,1601502.5
13,54,6,3,66,1403622.11
10,57,14,1,76,1296145.69
1,51,4,8,42,797889.23
12,44,15,7,95,1517286.95
10,45,9,7,40,1312087.14
11,52,5,4,87,1322961.63
15,89,13,3,86,1741580.75
7,49,1,6,41,1008025.2
0,100,6,0,88,981665.8
12,94,12,4,46,1571318.34
13,71,1,2,85,1594706.13
8,45,1,3,97,1176832.47
11,69,12,1,77,1382061.93
3,72,3,6,44,905077.99
4,55,5,4,94,1018391.01
10,99,13,6,84,1617683.12
14,57,4,1,100,1483587.45
6,48,13,1,49,1041529.94
10,66,2,8,62,1359099.22
