CarAge,KMDriven,Mileage,EngineCC,OwnerCount,SellingPrice
6,123467,15.5,1200,1,789426.56
9,163152,10.7,1200,1,502754.4
2,70069,27.4,1500,3,1109690.88
5,13147,27.1,1500,3,1018446.31
7,29831,18.3,1000,1,921065.06
7,39266,13.6,1500,2,773764.37
2,157652,20.6,800,1,880298.92
14,38761,11.7,1200,1,406512.87
1,125847,10.9,1800,2,945113.06
0,105330,22.3,1000,2,969507.06
6,54060,14.9,1500,1,910792.48
7,174680,15.3,1500,3,560720.61
15,20985,11.6,1500,1,332325.88
7,170348,27.9,1800,1,777858.77
12,99139,18.6,1500,2,539301.6
12,75893,13.2,1200,3,373318.22
7,12681,26.1,1200,1,941062.53
11,158089,28.0,1000,1,420560.13
7,177193,14.3,1800,3,759886.88
7,155914,25.2,1500,2,757355.45
5,51163,14.3,1200,3,752310.93
0,97191,27.1,1800,1,1042142.97
6,134034,19.8,1000,2,693221.16
7,10224,19.5,800,2,806363.66
6,39207,16.1,1000,2,824375.8
4,34077,25.2,1200,1,1029710.03
11,178575,17.1,800,2,306929.17
5,119522,24.3,1500,3,839827.65
10,50666,22.7,1800,3,758168.08
11,63520,22.0,1000,2,507048.84
9,82205,12.3,2000,1,805460.78
12,153762,10.6,1800,2,291280.65
7,172679,20.2,1500,1,619741.97
11,88759,13.0,800,3,425818.44
10,122081,10.2,1000,1,413365.89
3,5335,10.9,1500,3,907986.86
13,48604,25.9,1500,2,534875.89
15,156533,21.7,2000,1,383573.44
5,123302,11.3,800,2,692583.95
3,24451,16.2,1500,1,1032040.96
2,148404,27.0,800,2,813105.77
15,13124,17.8,2000,1,477267.11
13,46183,11.0,1200,1,502940.92
8,178171,15.1,1000,1,474144.13
1,107996,20.3,1500,1,1030259.95
2,82214,24.8,2000,3,1061566.2
15,57343,11.7,1000,1,196152.26
15,35279,15.6,1500,2,268645.44
15,178287,14.8,2000,3,144337.69
12,101836,13.4,800,2,400305.27
14,126912,14.7,1200,3,349780.82
3,27467,22.0,1800,2,1119062.31
7,150123,11.1,1500,3,472499.58
15,155133,25.9,1500,2,345271.47
2,108495,26.2,2000,1,934594.3
4,36531,27.1,1500,1,1054606.84
5,60545,24.6,1000,1,730726.09
13,57931,28.0,2000,1,733069.14
8,88820,26.4,800,1,661585.38
10,77404,19.4,800,3,569050.6
13,34496,17.5,1000,3,359052.29
3,32691,20.1,800,2,905097.73
11,112712,14.8,2000,2,444690.81
5,77198,17.3,1800,3,806012.29
12,15166,17.1,1200,3,554020.97
8,102633,10.4,1200,2,666631.8
8,133875,25.4,2000,1,784459.84
9,121158,23.9,1200,2,595207.47
13,163591,21.6,1000,2,333757.98
15,140397,25.6,800,3,359372.01
5,22201,15.6,1800,2,1016410.41
0,50544,13.5,1000,1,1154161.56
7,13669,18.2,1200,3,817514.58
14,137415,17.1,800,3,277184.56
0,68422,16.7,1800,2,1166579.46
11,95242,12.9,1200,3,545761.83
2,79729,10.5,800,1,939579.59
6,63025,21.7,2000,1,824595.74
8,175809,17.4,800,3,590227.45
5,162585,24.4,1000,2,723462.77
9,173490,15.0,1500,2,422312.83
9,141482,24.8,1500,3,595449.01
3,6926,19.2,2000,2,1022895.23
9,83243,22.3,1500,1,665651.95
10,77478,21.5,1200,2,514375.2
9,54377,12.7,1000,1,480095.81
12,178154,15.8,1000,3,330422.3
9,73007,26.3,1500,2,741031.0
1,157836,22.7,1800,1,936987.57
15,98977,19.1,1000,3,353183.79
5,82013,11.8,1000,3,702559.49
5,92984,21.8,1000,2,921402.85
7,85500,17.6,1200,2,696003.8
3,128348,11.0,2000,3,867767.71
2,128789,26.0,1800,1,1064831.56
9,113293,11.0,1000,1,456590.02
6,94828,17.4,1800,2,865357.38
5,26184,18.8,2000,1,1096705.86
10,171330,11.0,1500,2,414152.7
5,133339,24.1,800,1,871955.55
13,171064,17.7,1500,2,289202.73
6,102806,27.1,1200,3,795473.77
6,9696,22.2,2000,3,961025.59
11,86813,12.3,1500,3,562762.08
9,48783,11.2,800,2,636736.57
10,118682,26.0,1000,2,537289.68
15,99175,23.5,1000,2,374815.64
4,60362,23.2,1800,3,971774.59
5,37286,16.6,2000,1,891934.39
1,160693,27.9,2000,1,1119640.26
0,17644,22.4,1500,2,1154627.24
15,45141,13.7,2000,3,450997.23
0,83935,17.6,800,3,890075.65
4,114792,25.0,800,3,793781.82
3,79109,12.1,800,2,830085.08
8,142139,27.5,1200,3,669230.89
13,82424,12.9,1800,2,512127.82
15,91665,14.2,800,3,164150.85
2,33948,25.0,2000,2,1177406.87
2,31552,26.3,2000,1,1220976.67
14,82600,14.8,800,1,380204.3
9,99428,24.4,1200,2,520467.72
3,29903,25.3,800,1,1093202.8
5,91156,16.4,1500,3,703867.43
8,29366,16.7,1200,1,804934.39
14,76259,25.0,2000,2,560088.47
13,175091,26.0,1000,1,418281.67
5,32187,17.5,1800,2,1011410.67
14,52516,21.0,1200,3,522087.14
4,131636,26.6,800,2,832560.1
14,17051,11.1,2000,2,617113.73
7,93683,19.3,2000,3,761962.09
3,118468,21.9,1000,2,804297.25
12,43968,25.1,1800,3,706036.99
1,8052,21.6,1000,3,1181436.03
5,24625,23.5,1200,1,864791.32
10,77917,10.9,1000,3,426400.07
7,25664,18.3,1800,2,803877.88
2,135667,18.0,800,2,826564.65
12,113092,10.6,1800,1,416149.81
2,163388,27.3,2000,2,1038700.05
14,94352,16.5,800,1,272318.8
14,92024,20.1,1800,3,313903.91
14,34890,11.8,2000,1,502354.93
0,94484,16.4,2000,2,1022327.41
3,17000,26.1,1500,1,1108132.58
13,33039,14.6,1000,1,564783.02
6,124811,24.8,1000,3,796943.67
10,33250,23.6,800,3,680462.79
14,124901,21.9,1800,1,341361.06
15,6137,19.5,800,3,515751.56
15,138256,24.1,1000,3,200589.68
5,38654,11.9,2000,3,824245.34
12,114750,27.6,2000,1,561359.25
8,109299,27.3,1200,2,712786.73
9,148604,25.5,2000,3,590365.57
6,57661,13.8,2000,2,773115.14
4,175416,27.6,1000,3,614679.24
10,35252,23.7,1800,2,610033.78
13,144959,15.1,1500,1,265696.76
3,11624,16.9,800,3,993524.47
5,80134,22.3,1000,1,868323.89
9,58477,23.6,800,2,676671.05
7,174638,20.1,1000,3,511666.19
9,179193,10.8,1500,2,320361.48
10,149736,11.0,2000,2,522738.4
6,167676,25.6,1500,1,823333.25
11,159241,19.8,1800,1,431823.62
6,82116,18.1,2000,1,867006.75
3,103880,10.7,1200,3,815148.68
8,39096,12.9,1200,1,655980.21
4,15470,12.8,1200,3,979858.19
1,168936,21.1,2000,2,872991.39
11,24105,24.1,1200,3,647361.28
7,53200,19.4,1800,1,773806.22
2,96593,14.0,1000,3,890107.79
10,91787,16.5,1000,3,280322.08
0,35073,22.0,1500,1,1163109.03
7,15453,22.3,1200,2,989185.53
12,72263,19.7,1200,1,442781.55
11,139823,24.5,1500,2,643512.22
6,88968,19.3,800,1,781158.91
0,169346,11.2,2000,3,913048.47
13,32243,13.7,2000,3,383067.64
13,174492,24.7,800,3,269538.32
10,14931,11.6,800,1,587393.24
8,151298,11.3,1000,2,412083.5
12,118514,15.7,1500,3,433716.8
3,145203,10.1,2000,3,877795.61
1,24028,16.4,1800,1,1192793.4
9,83997,20.9,1200,2,546921.62
0,129253,12.8,1000,1,1008296.47
12,148058,15.3,2000,1,392443.92
11,7922,20.0,1800,1,858913.67
3,15950,10.1,1800,2,836114.57
9,60064,23.5,2000,2,732956.03
6,113174,26.3,1800,1,881990.33
8,55941,12.1,2000,3,738307.18
1,148878,18.3,1800,1,962361.79
3,56751,23.1,1500,2,1037586.17
11,38610,22.1,1000,1,621708.91
6,88305,18.7,1200,3,755140.05
9,158136,12.7,1800,2,555471.64
5,6266,15.6,1000,3,710963.66
13,77529,25.1,1000,3,437619.77
14,121747,16.5,1200,2,163167.83
3,51077,21.6,800,2,969209.59
6,74005,23.2,2000,1,882701.87
2,9883,25.3,2000,1,1256672.91
6,14609,19.9,1800,3,834773.77
15,176418,24.0,1200,2,246393.45
9,40096,18.4,1800,1,869671.86
12,100385,19.0,2000,1,610420.52
5,139777,12.5,1000,1,570670.95
4,131747,26.9,800,1,842704.11
8,101845,14.2,2000,1,641771.44
11,106736,18.5,1500,1,621780.39
3,141674,21.4,1200,3,837243.21
8,156684,19.8,1000,2,504242.99
2,140440,14.5,1000,3,732826.41
12,97510,24.7,1200,2,540242.98
0,136553,25.9,1500,1,946680.39
7,25208,19.3,1200,1,855677.75
3,178305,14.1,1200,3,720417.58
3,131226,22.2,1500,1,829861.37
13,10884,14.4,1000,3,411512.98
5,40317,21.3,800,3,866859.37
5,140434,27.2,1800,3,857366.0
0,178472,24.8,800,1,743842.03
15,49713,13.9,1500,3,408603.77
4,157737,24.8,1000,3,725424.41
10,123874,20.7,800,1,465141.67
12,106046,12.4,800,1,224947.5
13,44206,20.9,1000,2,469115.1
1,144311,19.1,800,1,858865.49
0,175192,17.8,1500,2,924717.8
1,143888,17.7,1500,2,852728.06
3,116539,12.4,1500,1,938941.08
2,79256,20.8,1800,2,1032056.69
0,156515,19.4,1800,1,1020975.44
12,176585,13.7,1200,2,254324.45
8,73498,25.4,1500,3,774702.19
11,165400,15.0,2000,2,430456.39
15,51850,16.7,1800,2,348254.51
8,85387,20.4,2000,2,737584.9
3,65233,18.0,2000,1,894398.26
3,61218,19.2,1200,3,848386.64
1,47136,17.0,2000,1,1072739.15
2,43096,18.5,1800,2,1112745.61
11,25981,21.0,2000,2,732142.71
12,165947,21.8,1200,3,368462.55
5,172848,18.9,800,1,648463.63
9,56051,10.6,1800,3,572761.22
5,14453,16.5,2000,1,988694.12
5,27765,27.9,1500,2,975620.08
6,140723,10.3,2000,1,629525.85
2,149072,15.1,1800,3,750787.64
8,64322,20.9,1000,2,833541.75
12,155708,10.1,1000,2,178698.44
9,94120,27.0,1800,2,725150.44
8,121069,27.4,1800,2,750579.98
14,125775,26.1,800,2,231109.5
3,72585,11.2,2000,1,927837.14
10,113114,27.2,1800,3,587698.63
0,74035,14.5,800,2,934422.57
2,150372,26.8,1500,2,838614.59
11,62295,26.1,1200,1,736380.99
6,135809,23.3,1000,3,646262.28
7,74574,13.7,1000,1,717463.2
3,36425,26.6,2000,3,1048892.17
15,165911,10.1,1800,1,231608.79
10,134064,26.2,1800,2,558187.37
15,52938,27.7,1800,2,425871.75
4,19194,19.5,1500,2,1058583.61
1,136720,16.3,2000,1,956211.39
14,87746,22.4,800,3,353953.74
6,104464,20.5,1200,2,705084.65
8,67164,14.8,1800,2,676933.58
11,53211,19.0,1000,2,534744.65
12,78303,18.1,1800,1,491867.85
7,31180,23.0,1000,3,737146.64
4,44203,18.5,800,1,930070.98
13,135966,12.4,2000,3,278719.35
15,83652,14.5,1800,1,354658.83
12,30945,22.4,800,1,604954.99
3,122926,23.4,1200,2,815827.82
11,151892,20.0,1200,2,455763.16
6,156218,20.4,2000,3,713759.12
5,79608,16.4,2000,3,738391.62
2,104895,21.0,1500,3,952501.63
4,48928,21.5,1200,2,879771.21
2,25738,12.9,1000,2,912758.3
10,176183,15.2,1200,3,335123.48
14,100201,23.5,1800,2,406391.63
13,48861,13.3,800,1,404194.62
2,60200,13.0,800,1,829871.1
2,129042,19.9,800,2,641013.24
3,73800,21.1,800,3,851384.15
12,86099,14.1,2000,2,467480.6
5,12489,10.6,1200,2,861231.39
