Age,BMI,Children,ExerciseScore,RiskScore,InsuranceCost
48,27.3,4,5,9,40053.26
62,28.8,4,10,8,47167.57
58,33.0,4,7,9,47330.25
40,27.6,1,2,8,37352.5
37,25.3,2,3,5,35073.31
26,24.9,3,9,1,22316.22
62,36.4,3,5,1,37536.46
56,22.6,0,9,6,31670.74
30,26.2,4,7,7,35419.86
59,25.8,3,4,5,42253.79
23,26.4,1,9,10,36443.83
36,31.0,4,5,7,36892.36
30,35.1,1,3,5,35515.05
46,23.4,4,8,4,34354.23
38,18.4,0,9,1,20383.54
35,20.5,3,1,4,31064.31
23,21.0,3,4,6,27098.99
49,38.0,3,1,6,45677.87
23,34.9,1,1,5,32802.18
48,21.6,2,7,1,25620.22
25,37.5,1,7,8,37628.59
30,27.2,0,9,4,32317.18
48,25.8,2,6,3,31278.21
53,28.4,2,8,5,36372.65
30,25.2,0,4,2,23997.17
18,21.3,2,10,2,21100.48
43,33.8,0,1,10,45488.8
56,21.1,0,4,3,28689.85
49,19.8,4,6,1,30370.58
62,28.7,0,3,8,44962.69
32,24.3,4,6,8,37157.57
42,25.2,1,5,1,25476.1
49,32.1,4,5,9,46277.53
29,28.9,2,8,5,29607.3
56,36.3,4,3,2,36888.11
34,28.8,3,1,9,41389.74
42,32.7,0,10,6,35089.39
64,19.3,4,7,4,35155.06
51,31.7,4,3,10,48941.0
38,20.2,4,2,1,28266.59
26,21.6,0,4,2,20566.63
54,30.8,3,8,9,45727.35
57,32.0,2,1,6,43523.77
18,36.6,1,8,2,27669.1
47,34.0,0,6,9,42824.91
41,33.9,0,10,5,29598.87
51,18.8,0,5,2,30795.06
24,20.0,1,9,7,26578.68
30,21.9,1,10,3,21193.7
65,20.1,4,6,8,43313.33
62,31.3,0,3,3,34497.58
60,21.2,4,8,6,38609.09
38,29.0,2,6,7,37260.03
64,24.5,1,10,9,41492.29
31,25.5,4,5,6,36209.12
43,18.0,0,5,10,37232.11
19,28.4,2,1,5,31261.85
38,18.4,2,9,9,35333.45
53,29.4,4,3,2,36986.42
26,23.3,4,4,4,29443.41
34,34.2,0,10,7,33934.36
22,32.5,3,3,8,37265.03
62,32.1,0,10,5,41321.09
42,19.6,0,6,6,31725.24
45,26.3,0,4,10,44056.57
58,25.6,2,9,1,28758.04
38,28.8,1,6,9,39177.42
61,32.6,3,8,10,48891.35
54,28.1,1,7,5,36529.79
39,19.7,4,1,9,39430.67
43,23.3,3,9,7,36308.9
26,27.6,1,8,7,30983.21
59,29.4,4,10,9,46722.37
45,24.5,4,2,2,32348.87
60,26.3,2,6,4,35618.0
19,33.4,1,6,10,40247.65
46,30.5,3,1,4,37596.48
64,35.1,0,1,4,42484.36
57,36.5,2,1,6,44452.61
46,27.4,2,4,9,41725.63
31,22.1,4,5,9,35183.05
27,31.9,0,7,10,38671.03
60,28.5,2,3,1,32641.37
57,23.4,3,1,2,36849.9
42,31.2,2,2,1,29003.4
42,22.6,3,9,2,30733.48
38,27.7,4,9,2,29808.11
47,29.2,0,1,4,36062.28
51,24.1,3,7,3,35074.2
40,30.5,1,9,5,33309.83
21,30.5,3,1,9,40276.86
39,35.9,1,2,7,39936.48
51,37.2,4,4,7,46130.73
37,36.2,2,8,9,43472.49
26,22.1,1,10,9,32091.72
26,24.2,4,3,7,33690.18
27,31.1,4,3,6,38071.56
64,20.4,2,3,1,32114.03
38,35.6,3,7,5,32935.96
58,36.7,2,3,4,42563.07
24,20.6,0,10,10,32027.7
32,29.9,1,1,6,37097.0
23,31.8,3,3,9,40631.93
59,25.5,3,8,8,41518.69
26,21.3,1,1,7,31595.56
35,37.0,1,4,4,33718.21
22,21.5,3,10,8,30029.55
33,26.6,0,10,7,28511.85
64,24.3,4,10,10,45205.37
63,33.7,4,2,8,49542.34
47,34.5,0,4,9,38750.78
20,29.2,4,1,4,29469.46
36,26.8,2,5,8,38465.1
21,31.8,1,8,8,35263.01
23,32.5,0,3,10,41324.0
26,25.9,2,8,1,20903.36
29,27.1,1,8,2,24007.57
63,33.9,0,2,2,39162.39
63,27.0,2,2,9,46640.89
50,30.2,1,7,9,40081.87
42,18.9,1,6,10,40867.71
28,35.4,1,1,7,34991.54
37,24.2,3,5,3,30064.94
30,18.1,2,1,8,34602.71
49,35.1,4,1,10,51711.45
55,31.2,3,7,8,43776.33
23,30.0,0,4,9,35334.8
31,19.0,1,1,6,32764.13
20,20.9,0,10,10,30137.43
21,20.2,1,3,5,29701.31
57,31.2,4,10,9,47761.85
55,25.2,0,2,5,37809.45
38,25.4,3,2,7,38150.9
48,20.7,2,6,9,39303.6
44,28.5,1,10,1,28406.61
58,28.6,0,8,10,46680.13
63,23.7,4,6,5,34135.3
40,36.5,4,10,8,41903.73
51,32.6,3,8,3,36349.48
36,37.6,0,2,1,28249.34
47,30.5,0,4,10,45776.04
39,25.0,1,1,4,31278.15
62,23.6,0,5,5,34732.74
18,20.3,2,6,7,28430.08
64,29.4,0,3,4,37213.84
61,27.6,3,1,3,39553.96
48,21.1,3,9,6,31698.08
65,19.1,4,5,10,48220.51
64,31.6,4,9,1,36273.78
40,19.3,1,5,1,25671.23
39,37.7,4,3,10,47629.87
25,35.3,2,6,1,25252.35
35,26.3,3,4,6,30840.42
31,28.5,1,2,6,34989.42
20,33.6,0,8,9,37245.26
50,21.1,2,8,9,40251.45
37,33.5,1,2,9,41858.17
64,18.7,3,9,2,30472.47
18,24.2,0,10,2,16631.08
24,28.4,2,1,10,43086.31
37,30.8,1,6,4,32043.68
38,33.5,0,5,3,31900.29
28,23.5,0,10,9,31525.25
40,29.0,2,3,5,35001.96
54,22.9,0,5,10,44220.8
21,20.6,3,1,2,21887.5
42,19.1,3,7,3,27003.71
58,34.7,3,10,6,38873.78
37,24.6,1,9,2,27794.99
47,29.4,0,8,2,28188.52
47,24.2,3,8,4,33706.55
57,23.2,2,7,3,32342.9
62,36.3,2,6,8,47217.19
25,25.0,3,3,5,30601.9
40,30.1,1,9,2,25375.65
24,24.5,0,5,9,35186.28
47,26.0,3,4,10,44901.98
48,25.7,2,4,10,45161.53
45,33.7,3,10,6,37473.14
60,31.4,4,8,2,36081.16
55,29.9,2,9,2,32950.99
43,19.4,0,10,7,30638.18
38,27.9,0,2,4,32498.58
58,34.2,1,3,8,42585.85
52,23.8,4,10,8,41913.62
38,24.0,2,7,6,35705.79
23,29.7,4,9,7,36390.48
21,25.4,4,1,1,21486.45
63,29.2,2,2,5,42344.02
62,29.8,2,7,7,42356.86
42,26.7,1,3,8,40404.23
41,34.8,1,5,3,34489.37
26,18.2,0,3,8,27885.06
26,19.7,3,8,10,31649.97
45,30.5,3,9,7,37630.95
40,22.5,3,10,1,23942.67
54,28.0,1,9,5,33743.27
41,18.7,0,10,8,33755.29
63,25.4,4,8,2,36716.45
35,27.3,0,9,10,40319.68
23,22.9,0,9,10,32984.17
39,28.7,0,8,8,37080.61
50,36.1,4,6,7,41786.92
36,23.8,0,10,5,32105.53
64,33.7,2,1,8,46812.54
60,37.8,4,1,5,45035.04
49,19.7,4,2,5,35890.92
35,35.2,0,2,10,45717.51
29,36.2,1,8,6,34855.94
62,22.7,1,9,1,27563.73
39,37.7,1,10,3,33417.13
44,33.4,1,8,3,29501.38
31,29.6,2,1,5,33634.79
28,27.3,3,5,8,35833.7
65,37.0,4,4,7,48903.79
34,20.9,3,1,5,30255.03
46,25.6,2,9,1,28558.06
40,37.1,3,10,5,38341.63
39,23.4,0,5,10,36362.79
65,22.8,4,4,9,49450.94
39,31.6,1,6,9,41098.34
22,18.2,0,9,2,17533.6
61,26.9,1,5,5,38389.01
23,19.1,4,4,10,37198.3
58,20.4,0,2,10,45238.18
59,29.3,1,2,3,38083.89
34,23.9,0,8,5,28596.29
60,33.4,2,5,3,35283.11
22,23.5,0,7,7,28370.58
34,21.6,0,8,4,26214.0
57,25.9,3,2,3,34270.71
57,30.9,3,5,2,34988.08
20,19.5,4,5,8,34602.65
59,30.8,0,7,5,38000.47
27,32.0,3,10,1,20651.28
49,27.6,3,2,9,44492.06
32,18.1,3,2,10,33050.08
39,31.6,3,1,2,31039.6
41,28.7,2,2,8,40750.77
30,21.5,0,7,4,23398.59
37,31.9,0,6,8,40055.21
65,21.8,0,4,1,31197.09
64,37.9,1,8,7,47892.37
37,28.0,3,1,1,29505.51
39,19.1,0,7,2,23514.23
51,27.2,4,3,10,50114.29
32,36.5,0,3,8,38100.55
57,18.9,1,1,3,30218.82
58,19.0,2,2,8,38672.48
22,34.4,0,2,8,33936.42
56,34.0,1,2,4,35978.73
65,31.6,2,2,10,52894.56
52,20.7,1,1,10,43493.98
35,20.8,3,3,6,33788.73
53,21.3,1,10,1,27817.76
58,30.2,1,1,8,47425.57
23,18.1,1,2,10,35754.63
48,31.8,1,3,5,36163.91
51,27.0,1,3,10,43921.29
63,28.0,0,5,6,37736.64
44,18.1,1,4,2,30519.71
57,25.2,4,9,4,35932.83
47,33.4,1,5,1,31458.5
61,34.9,3,8,3,41884.75
28,31.4,0,1,6,33005.87
39,30.3,3,1,2,33632.99
65,19.0,4,3,3,36568.65
25,19.4,1,8,10,31543.51
55,24.5,1,6,4,34044.56
24,22.7,3,4,7,30920.12
32,19.5,4,8,1,23603.11
57,27.1,3,6,3,34749.3
47,32.4,2,5,4,35719.75
54,19.2,1,2,8,39822.42
47,26.4,2,4,5,33088.37
58,37.1,1,10,9,44822.84
32,19.7,4,8,4,25126.65
35,18.3,3,4,4,26671.28
38,26.7,1,10,3,30589.86
44,37.6,0,8,9,41019.26
20,26.5,3,8,2,21958.99
53,33.1,3,4,3,37682.07
40,23.9,0,1,8,36500.12
47,35.2,4,1,8,45913.97
47,33.4,3,3,6,39282.95
18,35.2,0,7,6,28499.76
51,18.7,3,5,10,39664.16
61,19.6,2,1,9,43460.34
61,25.3,0,2,7,39366.08
41,25.3,4,2,9,44696.9
63,33.5,1,6,4,36820.53
65,36.8,4,4,4,43810.01
38,25.1,2,9,7,34558.45
40,27.0,4,9,2,29871.87
48,32.2,4,5,8,42397.46
62,34.2,0,4,8,43633.61
23,19.6,1,5,2,21542.2
62,21.0,1,4,9,44227.56
58,18.5,3,9,3,29541.03
65,30.9,2,4,2,37257.73
