TVAds,SocialMediaAds,SearchAds,EmailCampaigns,Discount,Sales
31,128,223,17,21,21197.03
350,177,134,19,33,37165.75
451,290,123,15,19,36651.09
176,97,212,9,14,23823.05
267,200,83,25,3,31027.31
105,92,192,18,18,25519.91
113,99,224,23,9,26386.68
182,74,122,9,23,23911.84
114,115,153,23,2,19511.19
95,200,124,18,10,17623.73
293,164,41,30,1,26400.07
94,244,247,11,9,30037.8
22,289,139,11,18,21324.37
406,85,214,19,28,38436.54
193,67,197,16,2,27414.34
177,22,112,20,14,24122.23
248,192,33,11,3,23340.59
289,123,210,30,17,34055.76
120,21,31,18,28,14208.04
282,211,59,16,20,24149.55
328,271,24,30,23,31556.18
238,199,108,12,0,29569.41
165,186,99,10,28,26051.62
392,237,199,14,28,40092.74
167,93,216,24,27,28758.49
447,54,46,7,19,27273.87
263,278,95,3,24,32853.79
488,149,116,6,35,39636.71
256,300,203,30,8,39686.82
168,293,135,2,19,32595.17
447,165,136,18,29,39962.4
98,144,86,21,30,26976.45
83,157,116,6,31,24198.54
34,71,205,9,31,18350.87
54,195,158,16,27,26416.94
263,71,105,17,1,22449.24
452,142,51,19,3,35291.94
374,79,101,6,3,30403.48
159,194,117,21,22,29237.67
347,49,141,7,11,29076.61
411,58,163,25,10,30170.7
443,164,79,22,23,35676.02
69,283,158,12,9,28326.19
210,258,115,11,10,28992.56
72,121,49,17,14,19659.99
306,279,226,18,35,36889.52
379,68,116,15,4,31140.03
28,255,99,10,23,22169.7
91,236,237,20,33,31179.08
383,165,17,24,7,28967.82
133,75,229,23,9,25199.78
127,76,30,14,7,14647.46
59,19,208,16,27,21842.82
426,272,161,2,30,40477.23
80,139,21,3,19,13392.88
420,73,245,20,13,34812.08
320,112,57,22,22,30736.63
402,152,158,12,22,36536.34
102,266,209,24,15,29571.81
439,17,145,7,12,31525.99
164,97,240,25,34,34752.62
493,119,245,17,30,43934.3
207,104,122,22,6,26539.23
214,227,64,17,14,29420.02
228,67,204,11,7,23766.43
273,194,190,10,35,34743.74
389,30,31,11,31,29211.47
327,169,185,27,28,38920.24
135,293,114,10,27,28201.33
450,253,250,22,23,47483.29
111,16,182,16,6,17695.65
366,53,40,5,25,28177.75
225,62,199,30,10,35777.96
193,112,162,28,25,31902.52
82,129,224,14,31,24970.49
317,149,203,26,25,40696.55
202,253,180,20,25,36349.97
95,242,37,4,16,19583.67
270,264,69,21,8,35165.47
445,44,137,22,1,34619.52
111,205,164,22,20,29369.84
69,49,179,25,33,25714.92
412,262,212,15,12,41048.75
278,143,148,11,34,34038.36
299,19,205,2,27,29335.61
250,171,228,13,28,32923.73
255,28,18,6,35,18679.5
472,94,135,14,8,32086.82
179,209,134,25,7,26013.0
303,286,156,16,30,36262.67
307,90,139,2,25,28005.04
213,190,206,10,20,34195.36
51,24,161,2,8,16167.01
399,23,205,29,21,34602.12
214,59,119,12,22,23293.95
145,136,70,21,19,23293.9
323,53,243,23,4,34280.86
106,20,147,11,2,16673.78
255,226,155,17,26,33003.91
321,21,91,13,24,30427.76
185,60,216,16,6,25261.64
274,267,217,25,21,37129.21
105,163,103,14,12,16730.85
423,48,225,28,34,40096.83
129,157,77,2,19,22585.56
135,57,193,28,6,24670.91
323,182,79,3,33,28635.33
427,49,176,27,19,37246.48
278,163,120,22,34,31526.61
148,273,126,22,35,33170.77
112,19,170,23,33,25205.66
129,249,78,30,34,26130.63
434,232,249,19,3,40805.69
95,133,48,24,19,19965.13
452,232,115,11,4,34403.84
156,156,175,6,16,21672.45
371,130,113,8,7,31094.44
428,168,128,16,35,38887.35
243,226,175,29,2,34254.74
34,142,212,26,17,26311.01
357,291,55,21,2,37434.3
30,38,230,29,5,20567.52
180,162,231,3,26,31893.51
473,56,111,27,8,33526.12
140,67,156,24,32,28056.69
444,278,74,16,5,36795.65
141,72,207,26,20,25197.19
219,130,249,14,13,33879.97
93,64,54,7,17,13643.62
321,38,135,18,23,30220.9
378,67,91,18,27,29594.18
162,84,102,16,23,22979.84
440,167,15,21,2,34749.34
47,132,74,18,24,15586.44
178,195,241,26,7,30606.94
246,208,12,30,25,28636.48
494,140,87,3,15,33620.14
102,234,171,11,26,31610.0
424,27,80,28,5,34201.14
261,221,247,27,21,32877.15
387,226,234,30,6,44176.51
279,43,100,14,35,23435.1
397,177,126,23,1,35978.14
114,237,212,21,8,25620.85
21,215,61,21,19,19341.33
100,137,142,23,8,24116.77
453,220,212,11,28,38864.25
153,98,185,19,20,26686.27
429,154,60,3,26,30948.24
213,124,15,1,35,23168.1
351,127,242,3,29,36916.08
106,35,112,20,27,23835.67
327,143,48,3,23,28867.62
27,279,121,25,29,28537.67
443,263,40,8,13,37414.59
420,146,83,24,31,41271.86
215,76,120,28,13,19858.35
164,106,117,6,26,17854.01
425,84,17,10,16,29229.33
147,199,159,22,29,31951.36
63,15,130,5,20,17935.35
128,206,191,14,16,27136.9
57,58,152,2,3,14618.1
485,191,165,22,2,42827.82
22,139,139,20,24,19823.46
209,77,238,18,2,30618.96
317,101,76,6,32,25579.7
259,77,32,11,33,23983.34
241,82,76,4,20,24049.74
466,153,201,12,27,41391.24
164,144,166,27,16,25600.54
104,171,198,16,9,25188.31
304,235,23,7,9,29264.61
260,143,51,23,29,28825.58
243,69,239,30,31,35977.83
383,297,134,15,31,40860.11
77,85,41,12,5,15332.86
447,96,201,17,17,40426.25
308,118,159,1,33,30602.7
491,49,73,25,31,34826.08
366,58,237,11,1,31508.25
82,211,105,19,6,29386.31
448,175,49,1,5,27863.67
265,242,170,9,0,32501.57
188,32,177,20,28,24215.25
395,76,64,28,3,34711.5
430,154,92,26,3,35607.44
328,205,33,13,16,26600.55
111,132,207,28,25,32241.98
103,208,209,13,18,29835.04
351,88,40,10,31,29357.43
491,168,241,22,8,40276.97
203,59,223,12,32,29149.99
218,253,78,19,27,32744.19
66,226,217,12,11,23412.29
40,272,97,15,14,23377.76
351,89,248,16,33,35031.6
168,249,121,3,30,25036.08
173,86,42,22,19,23222.87
171,34,151,3,2,17061.2
282,65,140,14,26,31546.44
311,139,100,9,5,30067.63
413,267,14,4,29,34794.18
221,33,31,14,19,21675.85
180,242,203,22,28,32138.26
490,105,64,6,5,31250.0
402,142,233,22,6,38705.17
222,69,13,6,30,20509.08
255,217,232,22,31,35761.63
335,194,186,22,25,42001.29
431,164,32,5,8,32055.39
28,106,229,1,13,19470.06
266,84,176,8,27,31606.19
295,107,32,10,29,21706.1
95,252,118,1,7,22729.27
379,237,134,16,1,37239.6
460,240,159,8,12,38734.96
220,36,95,1,6,24122.72
342,231,116,28,31,37620.09
303,158,19,16,25,24551.93
268,272,161,24,31,37226.37
29,226,157,11,35,24629.06
52,147,238,21,26,27181.38
338,187,124,23,27,34745.08
30,92,83,24,12,14431.65
279,122,160,30,21,33575.57
491,249,43,29,18,40635.0
233,194,213,16,10,29802.49
338,116,82,23,5,29333.56
122,90,165,16,6,21084.04
426,222,136,10,15,37937.7
29,193,235,9,22,25082.07
366,91,54,27,32,33013.56
240,68,168,8,7,25592.93
307,124,134,9,21,30881.13
414,295,78,29,9,35677.29
456,273,164,22,6,41301.26
244,244,225,25,7,30420.72
74,62,220,18,2,19920.06
80,115,243,12,10,23809.64
392,159,191,15,32,33556.54
98,196,95,27,8,23813.1
82,113,122,14,0,18956.89
194,156,139,6,5,29174.09
156,200,193,25,26,28797.75
97,281,117,26,14,30350.28
90,229,115,30,26,32066.2
284,195,17,15,9,23059.39
414,15,193,26,33,37974.02
181,215,207,6,27,29888.11
51,211,204,2,9,23180.9
343,276,85,14,25,34935.96
473,293,233,10,20,46268.07
163,280,166,30,9,32183.98
378,216,124,21,13,39345.37
336,236,188,12,25,35221.28
417,111,235,10,5,39080.52
391,74,143,18,18,33989.37
129,57,140,18,19,17737.25
101,21,17,29,34,17336.91
323,142,71,27,19,30422.91
76,40,225,12,16,13897.19
341,269,100,4,3,32586.34
249,162,156,24,0,24299.02
252,183,70,26,34,31817.85
173,155,180,26,8,27198.59
385,203,143,24,15,40315.68
118,194,126,4,9,23968.53
384,227,222,14,5,41441.13
86,253,64,15,4,23047.24
209,279,113,19,35,30073.32
155,265,172,14,28,30443.47
372,260,197,14,10,40013.25
384,244,43,23,32,37592.8
461,280,40,23,13,38663.35
100,296,104,30,7,27865.91
328,219,38,4,23,28843.75
98,70,105,10,23,18403.58
175,160,134,1,9,25374.13
44,166,237,10,13,26239.33
113,260,10,4,35,18690.1
233,256,156,10,28,36603.92
480,182,210,13,30,45658.63
87,80,139,21,29,18011.95
409,240,180,15,9,41058.43
429,219,109,8,25,35578.13
193,286,21,22,28,28211.55
463,94,191,1,19,32709.63
307,73,174,18,5,31277.63
315,37,155,17,12,32193.95
404,253,138,29,1,44043.14
112,19,80,26,13,22555.37
145,237,31,26,34,24510.72
43,261,230,30,1,26940.46
194,233,56,14,1,26207.84
151,56,39,4,34,16233.62
106,156,46,6,16,18442.06
228,96,25,20,20,21864.56
112,23,192,2,19,17861.64
231,175,76,13,7,27055.3
