StudyHours,Attendance,Assignments,PreviousScore,PracticeTests,FinalScore
1.4,65,10,66,12,68.76
3.2,85,16,39,15,71.71
1.2,90,10,93,0,67.01
5.7,65,20,76,4,99.07
3.1,76,17,40,6,65.35
4.8,60,10,69,13,76.84
7.7,85,17,37,0,83.84
5.3,91,8,35,1,52.46
7.5,80,11,73,8,94.66
3.5,90,9,72,9,72.76
1.3,97,20,71,2,69.54
1.9,58,20,52,13,73.4
2.5,82,13,91,10,72.49
6.0,67,10,77,10,75.53
3.4,79,13,36,4,60.53
4.3,50,8,61,15,72.9
6.3,84,5,85,2,72.92
6.7,78,6,57,12,80.05
6.8,72,15,46,0,78.17
2.4,50,10,82,0,65.7
6.3,93,14,47,2,80.62
6.7,64,10,66,11,78.81
1.3,81,9,35,6,58.23
1.8,67,19,66,5,66.96
4.9,92,8,39,4,66.54
7.5,64,19,81,8,94.96
2.3,93,3,79,8,65.72
1.0,77,4,89,10,58.42
4.0,76,11,42,14,65.25
1.3,96,10,38,8,57.35
7.4,84,17,55,0,80.36
7.2,51,10,79,13,93.87
7.7,65,9,45,10,77.94
1.7,80,16,86,0,77.01
5.1,90,13,88,8,91.0
7.7,53,13,68,7,92.5
7.6,99,17,83,3,94.93
1.6,53,4,59,10,50.73
7.2,94,5,85,4,98.5
1.4,89,16,39,3,60.29
5.7,85,4,53,12,71.4
3.9,88,3,64,12,77.55
4.2,77,6,56,0,58.18
2.3,56,3,73,2,57.8
5.2,62,7,75,8,73.99
5.3,61,10,43,1,67.55
1.4,69,16,67,11,65.57
6.4,59,18,54,10,93.36
3.0,50,19,72,4,76.27
6.8,53,16,57,6,82.79
7.8,90,9,85,2,89.01
5.9,79,13,89,10,100
5.3,76,13,45,3,61.67
1.3,64,3,75,7,61.17
5.9,79,9,50,15,80.43
3.3,97,15,48,12,63.27
2.3,50,14,35,2,45.86
2.0,78,9,75,11,76.34
1.3,51,9,47,9,57.1
6.0,71,20,50,5,89.53
2.4,61,11,93,3,78.69
3.7,100,6,56,6,70.39
3.1,65,14,86,11,74.48
7.8,89,16,91,2,89.78
1.8,58,9,47,12,56.49
4.0,90,10,93,1,76.44
6.3,87,9,89,9,94.61
1.4,100,11,90,4,69.68
7.0,87,18,48,2,84.57
5.3,60,19,59,11,74.11
4.5,79,8,55,11,68.2
7.7,80,11,72,12,94.78
5.5,100,4,48,7,77.53
2.6,63,12,62,12,66.08
5.0,73,11,70,2,76.33
4.1,72,10,72,1,71.93
4.3,89,13,62,14,78.2
6.6,70,11,59,0,76.39
2.3,64,11,76,2,63.31
6.9,82,20,76,2,94.17
6.5,64,6,42,2,62.01
3.3,93,13,51,9,76.93
6.2,99,11,47,4,86.32
6.2,66,3,84,9,83.3
3.0,72,15,95,12,89.98
1.1,91,19,83,4,66.75
7.1,64,10,81,6,82.13
6.5,98,17,81,14,100
3.4,55,13,89,6,65.79
3.9,78,17,89,0,85.85
3.6,86,7,54,0,54.35
3.5,64,16,62,12,76.03
6.3,94,20,54,10,85.49
1.2,58,7,95,10,66.03
5.0,88,15,59,6,81.51
3.7,80,6,56,14,71.63
5.5,69,5,45,3,62.65
6.8,88,18,36,5,77.45
2.4,74,12,48,7,60.16
4.2,73,19,35,5,73.38
3.3,76,15,45,3,67.11
6.2,74,9,43,6,76.05
3.2,95,18,45,9,68.41
5.8,67,9,35,4,61.92
4.1,75,10,68,10,85.39
4.2,86,4,82,2,67.89
3.0,79,14,79,9,71.65
6.9,76,10,46,13,88.67
4.2,92,8,79,3,67.54
2.7,60,11,91,9,83.83
5.7,54,9,93,15,84.18
1.8,73,5,83,3,67.77
4.5,99,13,61,14,87.21
1.3,51,5,75,14,66.26
3.7,97,15,89,6,86.12
1.8,58,13,77,14,73.33
4.4,54,5,70,7,67.7
4.3,67,8,45,0,53.38
5.2,61,12,42,12,76.14
1.1,67,7,63,11,66.71
2.2,95,4,92,6,72.24
5.4,83,6,59,9,77.15
4.1,88,3,38,12,66.47
3.6,65,9,40,0,42.97
4.0,50,13,87,6,76.58
7.7,56,8,81,5,85.2
1.3,82,6,87,10,67.51
5.4,84,15,95,13,100
1.8,63,6,57,10,61.03
3.2,74,9,64,7,72.92
1.5,67,14,37,2,54.28
6.4,81,6,80,5,80.99
2.8,56,13,75,12,68.37
5.9,71,8,75,10,72.19
7.8,92,18,39,10,100
4.1,82,10,67,0,70.83
2.6,89,6,54,7,62.48
5.3,53,7,58,15,67.55
3.1,59,15,48,1,59.72
7.9,78,13,43,8,92.21
3.2,100,4,68,13,73.33
1.2,96,13,56,7,61.07
2.4,53,10,86,7,66.03
3.3,78,3,39,15,59.91
1.5,62,4,75,4,59.81
2.2,85,9,50,2,56.52
4.0,79,12,45,6,67.27
2.7,68,17,75,6,77.1
2.9,100,18,40,11,70.57
4.1,82,16,83,4,84.42
6.7,100,18,36,12,85.73
7.3,69,20,44,5,83.94
2.8,79,12,64,9,66.59
1.5,58,18,47,4,61.51
7.4,50,3,90,11,77.62
7.6,97,14,59,15,98.92
3.2,87,5,61,1,64.69
7.5,60,9,83,13,94.43
7.7,99,14,67,15,98.7
1.4,74,16,82,7,68.83
2.7,52,14,75,0,61.88
2.8,79,7,51,7,54.96
5.2,92,8,35,3,66.55
7.4,75,5,68,6,76.07
7.1,60,16,51,9,77.28
7.2,87,12,81,13,99.58
6.3,96,5,41,11,78.68
2.5,97,15,79,9,77.17
1.0,60,18,35,3,57.04
4.7,91,12,81,13,93.61
2.2,73,8,80,4,67.76
7.6,78,9,46,6,82.64
1.4,61,9,51,13,48.84
1.8,90,8,40,9,62.22
1.6,57,11,39,10,57.6
4.4,98,6,35,1,61.17
2.9,50,4,41,6,49.95
5.2,98,11,94,15,98.96
4.3,71,16,56,11,75.68
3.2,65,14,77,12,74.68
3.6,53,14,90,10,81.38
7.1,75,7,36,3,69.43
7.1,67,10,58,14,81.56
4.3,76,9,35,10,60.47
1.1,73,4,86,10,64.84
4.4,97,5,57,13,73.63
7.6,80,6,81,12,94.05
2.0,83,19,37,4,63.56
4.5,55,12,88,14,88.98
1.8,92,20,50,7,73.59
2.5,98,5,41,13,65.11
7.5,70,15,84,8,96.85
2.5,66,18,95,3,72.4
5.4,81,5,85,10,75.67
7.1,86,5,76,10,84.29
6.2,74,20,89,13,100
6.7,64,11,42,9,77.76
6.2,62,6,71,11,82.94
1.9,70,15,71,0,61.06
2.3,74,16,55,11,75.97
6.6,100,7,68,7,87.23
7.0,70,7,87,9,91.57
6.9,81,17,44,9,89.18
6.6,94,4,73,10,93.54
3.2,94,6,52,15,69.75
3.0,74,4,86,10,71.66
2.1,95,9,89,7,76.05
7.1,61,18,81,12,96.37
3.1,92,8,36,12,60.83
7.9,98,15,60,2,96.76
4.7,68,12,79,6,77.98
1.7,70,4,89,9,62.54
4.2,60,7,63,15,73.84
2.5,97,9,82,0,73.16
3.5,86,6,78,4,62.01
5.8,60,4,41,11,77.92
7.8,61,4,42,10,64.67
5.4,75,10,37,3,58.13
2.7,81,12,79,5,70.65
5.8,100,5,84,14,89.33
7.1,91,15,52,14,90.98
1.6,81,19,49,0,61.3
5.1,86,18,52,3,77.95
4.4,91,16,54,4,72.24
1.7,54,20,46,12,64.6
4.9,84,19,66,2,79.8
4.6,87,20,80,3,86.54
5.6,57,8,90,5,78.35
1.0,78,13,42,1,52.98
2.1,85,11,89,1,73.81
1.6,57,19,54,11,68.66
7.8,92,3,50,9,81.91
1.3,83,12,77,14,78.4
3.2,72,20,67,6,80.48
5.8,92,4,50,1,70.46
6.8,58,20,48,11,89.15
2.9,96,16,39,8,67.64
2.1,79,5,95,8,81.0
5.7,94,7,69,6,88.91
8.0,94,9,80,11,100
4.9,91,19,73,5,84.3
7.9,77,15,36,7,83.56
1.5,57,20,42,13,69.9
3.5,71,11,44,7,66.36
2.9,56,15,49,12,75.27
1.9,83,12,72,15,73.53
1.7,72,12,70,8,58.75
2.2,98,15,46,11,63.18
6.6,93,20,70,12,96.66
1.1,82,7,77,4,62.59
2.0,86,11,38,11,60.28
5.3,95,17,46,14,81.85
7.9,79,19,53,8,97.87
6.0,64,12,75,2,77.99
7.6,76,13,89,2,92.61
2.7,55,8,71,1,58.45
1.6,68,20,94,15,85.8
7.6,93,19,94,4,100
4.4,82,20,79,3,78.67
7.4,97,3,80,13,99.43
5.9,97,14,50,1,67.06
5.7,98,19,92,7,91.47
2.2,73,7,67,11,72.1
3.7,73,6,56,7,63.8
6.8,99,6,53,9,79.07
1.0,90,15,48,9,63.12
7.5,91,19,87,1,100
6.9,53,14,35,14,74.22
3.3,72,6,35,11,61.89
3.5,56,16,66,6,69.14
1.6,82,7,61,3,58.31
6.4,66,10,65,12,84.52
3.6,73,16,92,5,79.08
7.9,92,17,45,4,86.11
3.5,77,3,57,6,65.85
1.9,76,13,92,1,74.0
2.1,62,18,77,8,77.76
4.5,93,7,55,12,80.42
4.5,97,15,43,3,79.97
1.9,72,19,35,7,57.38
1.4,71,16,73,0,59.34
4.4,98,16,50,4,76.8
6.1,61,10,52,3,81.54
2.7,77,9,65,3,52.01
5.9,82,8,47,4,71.95
1.3,62,7,62,0,53.6
5.3,55,4,59,13,65.28
7.9,64,13,62,15,92.71
1.4,77,4,54,3,51.07
3.5,76,10,55,1,66.76
2.3,50,4,77,10,65.29
7.4,56,16,46,8,86.87
7.6,73,13,54,3,82.62
4.9,58,13,58,11,76.71
6.2,87,19,73,11,96.41
5.1,55,6,43,3,63.96
1.3,91,9,47,14,65.29
4.8,71,12,81,15,87.84
7.9,62,20,81,4,99.45
4.9,66,20,57,11,83.12
