Area,Bedrooms,Distance,Floor,AmenityScore,MonthlyRent
1268,1,22.8,2,8,23269.35
1381,1,4.6,8,3,34672.92
943,1,23.9,1,4,18690.88
1752,1,4.6,16,7,40539.17
1501,4,10.3,8,4,39442.94
796,1,22.0,16,8,22857.25
1381,3,7.9,7,5,35350.94
700,2,1.6,7,5,20960.84
430,2,23.6,8,3,11435.85
1665,2,24.7,6,9,41316.45
587,1,16.4,20,10,23221.32
1794,3,18.2,13,10,44701.53
953,3,24.6,20,1,24201.48
922,2,6.8,0,9,26394.07
1696,1,18.2,12,5,38402.51
1478,2,20.5,7,6,31119.58
900,2,14.8,12,3,19965.33
1238,3,4.1,15,2,35001.38
1365,2,11.8,5,4,27227.21
719,3,1.0,5,3,22097.67
2024,4,17.3,6,2,46332.62
1281,4,3.0,16,3,39307.52
1838,1,15.3,12,7,44959.26
1913,1,3.7,2,5,42876.51
642,1,19.9,0,2,9062.38
2096,1,5.5,15,10,49429.15
2177,4,20.5,9,6,48265.68
1463,3,15.9,3,1,32447.33
2039,1,3.0,9,2,39786.25
640,1,22.8,0,4,13188.63
1224,4,4.1,20,5,38798.48
1137,1,12.5,3,4,30065.59
558,3,9.3,19,6,27135.74
523,1,15.3,5,7,19461.25
1436,3,15.2,13,3,37451.62
1629,3,9.0,3,5,37525.16
1372,3,23.4,2,1,32407.82
1942,2,8.3,12,8,42375.21
1827,4,20.5,3,10,42054.22
646,1,8.4,4,3,18893.9
1921,4,9.1,15,7,43994.37
1582,3,3.9,20,4,42855.04
1134,4,14.0,17,9,33317.78
821,4,2.5,13,9,32884.73
1533,2,17.7,7,6,42137.33
385,3,14.2,4,2,14204.53
472,3,9.3,4,5,14818.66
1479,4,6.4,7,1,38457.17
1879,2,3.4,4,7,44867.72
1219,3,1.8,3,10,33977.56
501,4,21.0,5,1,16440.78
851,1,0.8,13,3,25408.18
1917,2,12.0,4,9,44386.47
1192,3,11.4,20,1,29481.81
937,1,4.3,20,1,23820.27
678,1,10.2,13,8,21304.95
1484,3,23.0,16,5,34858.53
671,3,24.3,16,7,19535.28
606,2,10.3,1,4,14900.75
1495,1,20.5,14,8,36881.95
991,4,20.8,5,1,25623.71
748,3,3.2,2,6,22755.23
1585,3,1.2,9,3,39726.79
1572,1,19.0,9,4,32487.2
1479,2,16.1,1,4,31571.39
1506,1,14.3,15,1,37727.46
448,3,2.8,9,1,21970.72
1165,2,8.2,12,6,31310.16
615,1,8.6,16,2,14194.12
398,4,12.2,1,5,18050.02
680,2,17.2,2,2,18015.15
791,2,19.3,5,9,22503.53
1407,3,11.5,4,6,34995.56
1232,1,22.3,12,4,29172.21
777,1,24.0,18,8,21438.45
1919,3,13.9,2,8,45567.32
542,4,8.2,9,3,24337.51
1073,1,2.2,14,5,30729.72
1319,3,19.2,14,3,37299.0
1349,1,9.4,9,7,30959.86
1187,2,11.3,16,10,36620.33
1747,4,12.9,8,1,40090.41
1621,1,18.7,7,9,40889.19
945,4,4.4,12,2,30000.94
806,4,21.9,2,6,20650.83
2193,4,3.2,5,2,52113.34
1162,4,5.4,10,2,30081.16
1345,2,17.7,15,2,37144.84
920,4,1.4,4,8,33666.54
1513,1,24.7,12,1,29889.68
2005,3,19.8,15,4,49016.4
1903,4,7.1,20,3,49733.6
521,2,2.2,12,2,18087.58
2134,4,13.4,8,3,52171.34
2050,1,2.8,13,6,49249.89
756,3,23.6,15,8,23550.7
1446,2,24.2,13,6,35255.05
2035,1,14.2,19,4,42385.41
509,2,8.4,10,1,17754.36
652,4,21.7,3,7,23800.4
888,1,24.7,4,8,18843.84
424,2,18.8,6,7,13138.75
1776,2,15.2,6,6,40334.45
1741,1,9.6,11,1,37939.5
968,3,12.8,3,8,27235.7
1190,3,9.1,17,7,33269.84
1421,3,3.3,5,8,38383.91
1568,2,13.8,12,5,37503.07
2080,4,16.0,19,2,52302.18
562,1,16.4,19,7,18625.95
562,4,18.9,19,9,26723.38
1540,1,16.9,13,4,34703.71
806,4,14.0,3,4,27990.48
1068,4,10.6,20,7,30683.16
365,3,19.7,16,5,15801.83
979,4,17.0,0,7,31658.02
416,1,1.1,11,9,21380.55
1036,2,24.0,13,4,21493.71
1488,4,5.2,20,7,45755.8
1533,4,3.7,20,7,41598.77
1841,2,10.4,10,9,45851.46
1804,2,12.9,20,10,47255.8
1956,4,21.2,20,5,47521.47
1010,2,2.8,0,7,27997.2
373,2,1.2,17,2,17073.86
1853,2,24.6,20,6,40940.92
732,2,16.5,7,5,21812.96
1837,4,19.4,1,5,46087.29
519,2,15.9,20,10,22723.22
1570,1,3.1,9,5,36652.39
2182,2,2.8,15,6,53230.02
556,4,20.0,13,2,18104.8
1346,1,5.7,13,7,37074.36
1273,2,4.9,0,3,28698.62
1700,1,3.4,10,6,37495.93
1469,1,4.4,8,2,33484.34
744,1,13.6,16,9,23671.7
1097,1,22.5,0,6,21563.61
633,2,2.5,4,5,21516.72
538,3,17.8,20,5,21856.38
1306,4,11.2,12,4,35815.14
2082,3,24.1,3,10,48550.95
1974,3,4.6,6,8,47210.33
1571,3,20.5,19,2,37158.85
1593,4,11.0,18,6,41106.7
481,4,4.6,1,9,26388.06
868,4,7.7,20,9,33046.98
718,3,11.0,5,6,24098.29
852,1,5.8,11,6,25959.31
369,3,17.4,10,4,16728.83
1303,3,22.5,17,2,28277.21
1429,2,3.0,8,10,41788.04
2159,1,14.6,20,7,47143.32
2015,3,5.4,1,8,46984.97
1371,1,24.8,13,2,27868.56
1019,4,6.3,0,5,31601.7
386,1,22.8,9,3,10926.38
2184,1,8.8,0,2,41750.32
1312,1,20.8,13,5,28269.34
1169,1,14.1,10,8,33114.68
1604,1,10.1,14,8,42327.0
598,3,23.5,3,1,10003.89
808,1,20.7,4,2,20772.01
1833,4,6.0,2,4,44876.54
1832,3,20.5,17,1,43969.45
881,1,3.2,9,2,21284.95
890,3,17.4,12,5,23979.32
1544,4,3.4,10,3,36410.58
1892,4,16.1,3,9,44053.88
1704,4,24.4,10,8,41329.63
812,1,7.0,9,2,18315.48
846,2,17.5,2,8,26632.72
473,2,0.8,6,8,22158.35
564,3,5.6,18,9,25036.02
1402,3,19.1,9,8,33416.94
566,2,5.9,11,7,18528.91
1276,2,19.6,6,2,27002.7
979,1,4.1,3,2,24933.55
842,1,22.4,5,5,21869.74
1277,3,7.0,17,2,34664.8
1075,4,5.7,12,9,34539.59
1253,3,9.6,1,7,34502.59
1849,4,5.3,6,7,48900.26
1594,4,13.2,3,1,38673.38
1673,2,24.0,7,2,33954.35
895,2,2.1,3,5,26588.36
813,4,10.1,3,4,25331.61
899,4,5.5,6,6,25808.91
1654,3,17.8,9,1,38293.35
1784,4,18.6,7,3,42498.52
995,1,4.6,10,8,29035.38
1321,4,8.7,5,5,36539.97
2154,1,4.7,0,10,47857.53
352,4,21.9,15,2,17039.09
442,1,14.4,9,4,12237.47
650,1,2.9,10,8,22835.52
1354,3,24.7,8,8,33275.83
2045,3,7.9,10,9,53543.08
1936,4,3.3,16,1,49253.08
801,2,9.3,0,4,23511.6
1532,4,9.3,2,4,40660.17
571,3,22.0,17,8,20353.21
2144,2,7.0,11,6,47760.89
915,3,5.2,18,9,34194.06
1787,3,20.9,3,7,41461.48
1973,3,7.6,0,8,44907.5
1753,2,11.9,4,9,45059.06
1710,2,7.9,9,2,37926.5
1987,3,0.9,1,4,46584.36
458,4,8.0,13,6,25730.91
1702,1,1.7,4,6,42825.72
1378,2,23.9,8,3,26255.9
1851,2,11.1,2,5,41586.27
1076,2,20.4,20,7,31357.22
1215,4,24.2,3,5,32609.04
704,4,17.1,10,10,25600.2
635,2,6.6,13,9,25329.27
958,4,13.9,12,7,32583.09
546,2,13.4,10,9,24081.38
1309,3,11.0,13,7,34849.84
1294,1,22.9,0,7,28216.85
969,2,14.7,11,3,25068.77
1621,3,1.8,12,3,41282.93
2003,4,21.1,2,1,42375.69
903,1,8.7,3,5,19933.09
2120,1,3.5,18,9,49933.08
1864,1,17.7,16,3,33438.23
629,2,22.4,20,3,15561.29
966,3,18.1,0,8,25732.02
487,1,4.2,3,9,18271.5
548,2,5.5,15,1,19767.64
463,1,7.8,15,3,13887.71
2029,2,21.1,17,5,45554.44
2109,1,11.1,20,1,41230.71
728,2,20.6,7,3,14514.82
760,4,12.3,9,2,23675.35
1555,4,9.5,8,7,39076.51
1300,4,20.4,4,1,32680.36
930,4,3.4,12,1,28619.23
1682,4,1.5,11,3,44015.17
1308,4,7.3,5,6,32675.35
781,3,22.6,16,7,24174.47
1400,1,4.8,4,6,32214.3
1291,2,7.3,9,7,32078.95
489,4,9.7,15,10,24320.0
1388,3,3.7,10,10,38598.58
1539,3,14.8,12,2,40104.48
675,2,2.9,3,8,25374.02
1741,4,8.4,7,4,47151.45
1841,4,19.0,13,2,45068.54
476,3,3.3,2,8,22381.79
2071,1,23.1,10,2,36477.72
1780,4,9.8,20,10,48530.42
1355,4,17.1,7,4,33859.56
1869,2,11.1,16,4,43433.93
1719,1,5.5,4,1,36352.79
1086,4,14.4,2,6,32131.59
1841,4,5.2,6,10,53215.89
2044,4,12.8,11,10,55908.04
1991,1,11.3,20,7,43410.52
2139,1,14.4,4,9,46219.13
822,1,15.2,10,1,19445.9
808,3,23.1,8,7,23029.15
2134,2,24.2,2,9,44599.97
1528,2,21.4,19,9,36765.61
1468,1,14.8,8,1,32630.17
416,3,10.8,6,6,19027.07
768,3,23.1,1,4,18979.96
1360,1,20.2,18,10,32819.46
422,3,24.5,13,10,15120.33
1864,1,22.2,15,3,37347.45
422,4,12.9,20,6,22679.11
1233,4,7.9,7,1,33071.75
1951,2,13.6,12,1,41039.12
1481,4,1.8,12,3,38661.52
632,1,11.2,19,6,21696.0
1070,2,8.9,1,4,27136.31
815,4,18.8,17,10,32615.59
443,1,21.9,7,1,10365.1
719,3,1.6,11,10,30216.24
1691,2,25.0,4,10,35598.42
1694,1,2.4,17,4,42416.74
1363,3,22.5,7,8,32700.85
1947,3,21.8,7,9,40147.09
2178,3,8.3,17,9,56124.69
1191,4,7.4,6,3,34361.79
2073,2,8.0,17,4,50188.47
1963,2,1.4,7,8,50853.75
1681,4,23.8,0,8,40871.54
1554,4,7.9,2,1,36092.14
921,4,12.6,12,7,28999.45
1126,2,16.7,17,1,26936.42
1702,3,1.3,11,1,44721.74
1038,3,20.4,18,4,25785.44
1900,1,8.9,19,7,47331.16
1856,1,20.3,17,7,37828.84
1827,3,21.5,17,8,41003.44
1924,3,4.5,12,8,51096.73
1877,2,3.7,0,5,44830.21
525,2,19.4,9,6,11703.55
