RDSpend,MarketingSpend,EmployeeCount,MarketScore,OperationalCost,Profit
648823,226884,9,10,337592,627894.43
734752,444809,103,10,62938,1113816.05
180344,180901,77,6,327366,399661.27
68105,250639,6,8,88801,253040.71
426149,271767,86,9,278424,612999.55
133410,164937,119,10,628235,445161.46
379280,53577,61,3,320539,374325.47
568970,86701,34,3,204037,458699.14
697966,363921,11,4,170005,658144.74
581333,471186,61,10,382749,768131.12
93993,310145,96,4,113766,551512.53
319950,28450,91,6,616693,310636.73
96906,334876,35,6,164466,381857.94
585859,60606,35,4,391614,497998.05
648071,214699,111,7,124861,783467.92
200029,32947,46,10,427788,255108.8
401258,233981,119,6,543549,595811.65
82670,104050,52,1,355002,95731.46
207352,498083,80,1,161392,369942.39
585608,395268,104,9,659732,691263.91
797467,200382,32,7,660990,733686.19
449601,419828,88,2,131066,643732.69
285490,316433,69,10,624863,473569.36
177131,464383,117,9,103929,604120.86
686592,267636,89,9,595611,728806.7
653186,173650,36,6,304880,643782.45
429547,141053,63,6,171023,528568.84
479838,209729,15,6,637681,338916.38
580205,60078,51,8,684617,514095.83
290924,318499,110,3,613731,494448.92
306842,427082,57,10,194850,562069.12
408163,184544,20,2,478346,241496.39
491474,284779,23,10,568206,488139.67
238655,479488,63,1,224872,343615.76
176656,239480,38,9,542684,320758.98
85730,457182,60,1,225044,261045.28
126561,89404,70,9,456967,354495.02
471860,385391,76,4,357643,563379.52
174811,196584,119,6,670209,331196.87
97435,58667,99,6,520700,238065.54
478736,350737,62,7,353343,628270.53
242362,399431,103,10,584117,473791.36
137859,99826,119,1,672385,116952.45
525557,218901,46,8,235306,596108.68
583376,398815,80,5,151605,765982.86
100633,315767,71,9,657993,380463.79
582915,462533,59,5,388480,614564.82
200152,41985,109,4,501451,354606.83
594352,165886,78,10,379638,761407.69
174309,170912,40,8,510237,310920.62
284496,484177,26,5,322031,518707.55
292928,369403,40,3,150638,424281.51
266890,309492,112,9,227054,737477.25
616052,302022,107,4,56988,820037.89
562088,456472,110,1,437491,685333.49
648910,243610,98,8,596196,839081.41
182307,455703,63,5,164939,440724.01
175766,252996,118,7,567215,309525.5
325834,65541,115,3,341979,425404.06
420903,441339,15,4,127961,503555.27
393005,102170,69,6,339520,393911.13
754728,427395,14,6,90220,833341.92
504429,72658,95,9,382951,663681.28
706493,38683,86,1,307859,658161.96
193523,327412,53,4,255183,359261.25
246193,404597,68,5,188193,522171.6
258218,352803,117,2,591386,445118.74
53353,247708,13,8,634829,80657.57
690907,129338,95,3,90698,706491.84
448763,350839,79,4,415642,569964.0
557755,298114,89,3,364678,673872.92
750423,274311,67,7,676882,620516.52
424475,304905,66,5,151222,615203.77
351225,239988,62,6,309413,612727.95
744595,242751,19,3,537310,626686.58
414462,385412,55,3,557236,414068.26
562936,335127,57,4,80369,664310.71
478873,51878,76,6,324312,588911.79
757777,186523,57,7,513419,673921.29
107287,160675,67,4,406349,243759.03
717173,449142,10,5,519380,586798.36
224624,301025,31,2,693095,203321.91
690419,192849,21,10,615987,715517.98
447607,67318,104,6,419833,548523.41
629751,53273,88,1,593842,488818.86
214618,459431,73,7,290474,575116.75
354283,440104,25,6,397605,413422.59
310784,27151,9,1,602133,129500.2
157500,282930,55,8,94339,481237.08
291177,351116,103,4,85418,611516.01
335693,413171,20,7,470217,493706.25
333114,471927,15,2,127479,493950.81
579016,398595,95,7,71133,943664.3
684254,99611,17,10,460123,644316.88
253721,455930,82,5,389452,412208.29
366831,163680,63,4,154521,509578.04
327107,363959,78,8,444873,542533.65
476068,314123,40,8,348239,615045.95
787022,299552,69,4,450984,799959.48
462766,215421,102,9,163565,741462.6
524239,137472,78,1,466650,454051.47
549967,315254,18,5,398583,472163.78
200755,444505,85,2,150022,419448.38
563604,331117,36,2,198195,550983.61
472780,343217,112,8,598830,650095.75
293720,50897,103,8,314266,433089.41
481865,183292,99,6,207928,727854.38
677814,233141,116,1,331170,711518.38
773934,129693,101,9,562467,767894.01
733680,143595,46,8,556458,654584.36
589420,310878,114,2,160146,707825.48
183465,416826,6,3,595195,193498.88
177378,107135,30,8,169185,395249.71
229015,348290,107,9,560859,528536.02
196659,412688,116,9,488459,518283.61
506633,174257,97,5,597860,557619.36
388046,342489,118,6,641198,540163.42
598668,379149,31,10,439287,682200.66
594609,336941,37,8,535365,637817.31
191913,106108,72,8,60298,503592.81
383120,238262,27,3,543348,439349.93
376988,387769,29,4,148406,554409.58
613852,260435,47,2,114076,569998.66
120015,203738,86,9,287009,380263.83
411714,349683,6,4,337918,391300.75
496867,326429,98,5,435115,734204.95
704836,422123,56,5,638368,602227.77
131239,330713,24,2,276955,198566.57
343586,113493,38,10,157292,567105.39
726153,421633,54,6,653618,745500.31
670935,337076,40,10,546403,727563.08
293092,133478,16,10,203607,447209.61
200295,106412,65,1,389044,324339.41
193628,288280,108,8,496070,530061.93
747137,267300,46,5,574681,650772.21
462349,217818,104,7,547526,550735.05
422235,183452,112,9,382369,550595.03
274289,107092,86,5,199824,418476.31
508482,313856,61,8,312709,638792.6
506564,361884,49,3,76524,555339.29
433450,468461,64,6,494677,590517.9
250261,220517,52,3,61190,457230.19
255349,251777,51,9,254355,528526.3
148679,497647,52,5,577217,321751.34
63625,338124,39,1,338307,128640.44
779283,389237,37,5,110006,788361.5
649975,451659,8,8,687058,571949.24
546446,413182,116,9,158933,846553.78
90048,213742,8,10,210633,304682.03
188043,63423,58,2,108770,241776.73
514915,354222,95,1,379500,622435.23
253614,363463,83,1,398824,400497.42
754633,464716,120,6,227433,1030367.0
434047,290711,6,7,486604,397015.67
750157,371084,12,2,252312,676743.14
329588,64023,27,8,96670,398090.55
338909,339044,30,9,479131,512309.55
53381,183139,40,9,417719,327860.8
173432,199019,64,10,140277,435977.2
171909,67480,28,2,244677,147319.23
382924,329932,85,1,227561,503245.77
442722,261355,15,4,372733,378025.58
763965,356759,120,4,189182,892554.85
351021,113325,40,3,642487,288830.25
380868,237046,33,4,336050,426111.39
359258,155976,94,8,327395,538745.79
146901,276841,50,10,431276,347269.7
521516,454896,85,3,88515,776756.81
663650,222207,24,9,646337,621592.86
413773,358694,108,5,267523,720135.78
408802,386820,69,9,332014,723308.76
320756,134428,64,5,82975,520056.98
170898,291072,89,3,548293,336616.07
440366,315577,53,10,85494,761343.05
388031,387677,18,6,58281,586201.79
403026,359676,120,2,246200,646788.21
425394,180576,25,8,623338,411536.84
696564,259308,80,10,506097,810298.86
468731,268288,111,4,314843,610370.39
555998,375758,56,5,92078,638904.92
295684,420122,120,9,163094,646524.69
655540,230108,80,1,221993,684336.23
587085,107233,43,10,599543,620655.25
196327,88100,89,6,106413,557699.28
144789,182148,106,3,412914,277232.94
50884,365300,23,4,230426,236065.51
365917,181232,15,3,297656,362784.48
306620,100812,92,9,442437,447893.4
55184,270265,25,6,154766,191979.38
782723,131406,65,7,535998,728717.97
790529,147266,102,2,456400,763384.21
190012,229654,103,6,346951,494944.25
757526,402925,116,7,675935,829680.69
562029,371208,99,10,78202,911573.93
282463,484303,82,3,296580,466775.77
51668,340112,81,7,131023,451707.56
726936,140624,22,8,247101,745251.28
147360,198041,54,3,496390,208312.14
208070,169403,44,7,554000,406154.2
492223,114119,25,7,592479,444986.6
161600,263753,108,2,413108,319122.84
474121,441291,108,1,218698,620220.02
384522,87496,78,9,452642,508474.59
735577,371375,56,7,107159,862649.76
367670,242812,38,2,682958,301910.47
576449,215467,104,8,401339,627440.27
611013,211292,19,3,494664,415152.54
757494,61947,24,1,403491,494416.2
791935,329410,38,4,589907,691890.76
527090,248006,11,8,345398,480416.37
91779,83727,116,8,532607,258831.28
769729,213617,37,7,403854,798840.7
757784,175264,103,1,619113,621337.15
487319,29184,62,6,362143,534950.78
716876,38672,81,2,424597,579277.96
465461,150352,27,2,610972,238819.35
149166,86088,98,3,567420,181693.39
530280,381230,84,4,598991,592920.02
646711,260343,10,2,392452,476290.23
718796,445971,117,2,450464,807909.92
587533,400318,15,6,366655,598317.66
319335,398323,88,2,504489,429067.18
172080,436098,29,10,323652,523770.89
615347,467869,106,4,101203,842753.09
442415,320593,65,4,508170,472759.31
244734,165151,69,1,683992,259278.46
468036,496969,28,5,335925,601954.6
484451,364568,21,5,330025,523188.47
534904,334090,106,6,151866,773353.12
390377,135897,13,10,351813,475115.03
796621,339457,110,8,666472,804748.29
617759,223968,65,9,63177,840243.6
409609,198570,45,6,515969,481553.24
573212,130434,73,3,459008,595820.87
318113,231255,9,10,132427,459208.22
412072,63564,31,9,437125,394932.04
368801,172999,101,6,523431,480354.31
705216,326675,26,10,418706,746652.8
642332,246246,58,1,347677,510395.8
296120,216757,73,3,446811,335271.95
686613,465470,20,2,464973,624141.5
648469,171702,27,3,470601,649420.51
626790,234180,50,4,488493,594716.52
430816,350445,18,6,576704,403478.91
611645,299187,55,4,473589,531458.64
521288,102296,116,3,469487,545861.07
352417,21749,73,6,536561,325315.91
153099,220987,79,7,488587,280877.8
480224,119024,86,1,698938,369985.56
577812,62208,81,10,478631,725712.51
73942,190404,83,4,224544,241699.54
145385,214141,7,10,458251,257174.3
628874,288087,115,4,219218,697341.89
300940,111861,65,4,388400,367069.18
189093,173606,13,1,267062,114771.59
766881,336276,61,4,235469,760409.03
533819,282256,87,2,683347,534910.91
217003,148378,64,2,57217,260681.13
83892,377576,91,7,595015,441574.74
123783,430539,58,5,613443,277180.2
176858,395282,104,10,610118,486719.81
112690,173597,108,7,91844,409916.19
431024,229416,96,9,511421,586427.23
203075,464108,38,10,167213,557334.0
227160,212132,57,6,198845,488282.77
270290,158678,17,6,127667,325270.26
530501,491437,95,8,306616,806508.6
772672,253136,47,8,320450,754602.64
645833,164335,81,1,196822,646947.69
281757,481462,52,10,430343,591912.44
798476,172682,44,3,645213,546064.95
511229,372991,42,3,184797,535931.03
203643,338478,42,7,319804,393290.71
271943,325780,43,3,662614,253225.18
62652,156011,51,9,591922,164908.49
228687,200467,87,3,665656,305169.47
575436,184781,71,6,446339,640520.8
227336,476540,72,8,233906,522905.39
557509,490356,53,1,117898,622683.18
285206,98689,40,10,175400,513045.5
731570,123254,50,8,531633,607718.01
62793,460389,100,9,289464,471906.67
262368,210610,90,1,467848,224007.63
582064,55230,39,9,610730,436069.67
613849,477501,15,1,518328,466206.76
318511,437999,99,3,306992,519138.42
289431,381568,96,8,236049,685213.3
628788,165477,16,4,116761,599316.42
188987,293970,43,1,267822,268906.85
659506,270233,64,2,613015,609508.77
103564,187173,106,2,255967,247635.16
549159,123492,17,9,668005,476532.35
275437,333678,67,5,646985,411935.8
166941,397477,118,8,254261,576378.03
667545,442453,86,10,528417,887017.87
476947,335282,39,8,235107,629725.14
394603,285967,66,9,347539,636049.59
608041,150559,48,5,638528,483258.76
577499,181902,85,8,166884,869643.5
561265,23416,45,9,543361,510731.33
