Visitors,AdSpend,AvgSessionTime,ConversionRate,DiscountRate,Revenue
33491,47763,3.0,9.25,19,502015.56
23441,172217,8.6,9.96,12,567727.57
8124,204977,3.5,4.03,19,365957.71
7744,184502,4.3,7.51,36,440830.52
45032,45526,4.6,2.71,25,498551.56
40985,178694,2.7,11.5,30,621828.66
43827,161035,9.7,9.47,17,683881.31
20897,102200,2.6,4.34,22,392866.7
49838,87666,5.9,5.39,25,599960.67
27481,19498,11.7,4.57,8,330504.21
30942,206077,4.0,9.91,12,631712.13
20319,223248,5.1,4.2,24,566516.57
22344,151294,7.2,2.79,13,399642.39
18954,33006,1.8,2.34,30,227419.38
48268,160435,6.2,11.67,2,722381.08
47300,132674,3.7,11.85,37,660273.16
25577,20549,2.1,7.86,17,295643.68
19627,34106,6.2,10.63,4,318049.16
22269,208225,9.1,9.98,9,523252.34
37820,28070,5.8,4.27,34,403517.76
44299,73345,7.1,9.9,1,603063.89
46826,191489,9.1,11.51,23,808175.85
30218,200893,10.7,2.62,29,573085.06
14040,182646,11.7,3.48,38,466533.57
49998,249496,1.3,1.87,26,695760.95
4147,223018,6.8,11.0,32,482146.76
25476,9247,7.2,11.95,32,399615.34
36311,133977,4.1,4.34,4,496078.23
49131,24805,7.2,11.7,7,504600.43
6749,155451,11.1,7.52,12,346941.59
5789,206094,8.5,9.9,29,370477.25
49426,44899,8.2,1.34,36,543786.26
23269,124025,6.8,8.46,27,489259.7
20255,6665,7.9,4.98,0,226900.64
15760,89511,5.7,3.48,14,252263.89
35889,124997,8.2,2.8,36,492764.88
24242,239158,10.7,10.47,9,630638.85
21216,52601,2.1,6.63,2,332553.34
9344,146577,4.8,1.3,20,349533.66
14218,84411,2.8,11.9,14,331655.74
15236,207465,4.9,2.08,28,497309.86
2666,121379,10.5,10.32,13,369677.38
25930,17901,5.9,5.09,13,319727.31
9169,29340,11.7,6.33,37,189334.14
48482,140396,2.3,9.2,7,718336.49
24487,201524,11.9,5.27,13,518071.12
6950,214660,6.6,6.0,32,450581.83
1475,104622,9.8,5.1,6,251970.86
24244,99474,11.4,10.12,27,514749.21
16031,188819,1.9,7.9,24,445537.74
31891,9154,11.5,3.66,20,421931.97
12623,153001,1.1,6.46,8,385161.05
46552,128158,9.4,1.2,13,618973.54
25359,166888,5.6,2.31,11,422302.68
12445,140947,11.6,9.03,11,348965.12
11641,12859,6.5,4.02,40,263715.2
25456,243283,10.3,7.65,1,612406.9
31834,13971,9.1,2.16,26,316095.12
4047,146420,5.1,7.38,33,333117.79
23850,240192,3.4,5.33,4,567375.5
8366,129699,6.1,5.27,34,259808.63
42736,5189,4.4,5.9,16,463654.54
9401,89640,8.2,4.7,39,280148.32
33296,201272,10.1,7.07,8,603640.09
15372,139934,2.4,11.34,14,392592.33
48006,110863,4.1,7.57,15,572390.91
15825,70711,3.0,8.08,21,311788.59
39717,141293,6.7,11.86,17,599894.51
9631,90968,5.6,8.1,37,308187.72
26233,170643,1.5,2.78,11,398088.66
1938,42474,8.0,10.11,15,219202.89
38492,131032,6.3,4.45,40,590247.46
38827,111340,6.0,2.97,39,525225.58
49821,78218,8.2,6.42,21,637970.01
23102,238970,3.0,4.42,31,560886.0
7324,180115,10.4,9.28,16,372179.49
5136,209984,5.0,7.89,34,433006.5
30978,222599,2.2,6.83,18,627414.68
9277,233932,4.8,5.7,35,472230.76
34077,52870,5.4,11.32,32,487406.41
13771,42148,10.2,3.05,1,247721.8
35444,162531,9.6,6.97,33,658266.03
35409,17319,9.8,4.67,14,353841.24
11928,103165,2.7,8.32,40,231363.53
42570,230166,7.8,10.2,9,665006.55
28788,229996,3.2,1.06,25,534216.36
20431,107176,10.9,11.68,30,441876.77
20660,5092,1.8,8.65,19,285821.18
14680,246972,9.1,7.33,4,553840.2
10423,131073,10.0,9.29,15,387861.56
26640,211127,2.8,5.32,37,585371.01
5622,64324,11.6,3.68,25,278994.29
9091,195311,9.1,11.36,9,458706.46
19053,204382,4.6,7.82,33,536320.77
21392,142426,2.1,7.73,30,457066.95
9183,146887,9.2,5.73,4,379453.04
48186,94489,10.6,11.42,2,590350.52
8394,169337,6.1,7.23,31,437323.57
20077,63886,6.8,1.52,38,377383.57
16813,232897,10.3,6.19,27,511805.38
28634,19851,8.0,10.45,17,424994.25
17493,172841,6.6,5.33,16,390486.43
24374,26782,1.1,8.7,31,346744.87
39737,118709,8.3,1.7,31,573965.37
37744,164027,10.2,4.82,33,641415.84
3759,162722,2.2,10.14,6,303521.06
38724,29881,2.3,9.29,23,417917.3
40571,115580,10.0,8.76,2,556962.13
23760,174630,9.7,10.3,36,563093.39
27128,218165,9.9,9.06,27,611712.05
44848,243048,1.3,7.02,1,711245.33
20154,246348,5.5,0.83,29,490509.85
17614,99001,10.0,4.46,15,340151.97
22267,125115,8.7,7.8,10,502616.17
14721,151401,9.5,6.79,20,409891.08
12275,226438,6.5,1.52,22,371796.36
41396,146095,9.1,10.12,14,632970.93
48313,28706,8.0,4.1,31,541881.71
42908,53809,9.3,2.82,31,455722.55
24688,202858,2.8,2.44,1,536726.09
8305,54752,7.4,10.95,35,275856.06
12659,109325,7.8,1.37,5,325759.34
6933,191558,7.6,10.58,25,443821.16
23292,144677,4.9,2.03,24,406535.61
7791,226514,11.5,9.87,18,408942.32
22222,63936,5.9,0.97,35,256659.74
11158,179986,11.9,0.8,14,417002.47
17079,234411,3.5,7.95,13,435606.14
10527,8255,4.3,11.59,39,214060.31
37459,149500,12.0,2.71,11,560109.45
34985,157278,5.4,7.12,24,576888.93
24853,215613,9.8,5.46,23,507488.71
16381,88926,6.9,1.39,8,259564.83
47034,69722,9.8,7.16,6,627149.84
34256,190690,6.2,4.11,38,601464.56
47015,174073,11.7,9.94,14,760594.74
31493,75551,7.3,1.11,39,369860.72
5237,49916,1.2,5.66,3,190646.14
23780,129944,10.5,2.2,22,473736.81
38339,71063,11.4,8.87,38,564194.17
33165,117939,8.7,11.34,25,571484.2
36284,187768,8.4,4.3,36,652973.99
34289,111729,2.6,6.71,37,514568.72
40950,18886,8.8,4.62,7,437494.22
5653,165917,1.7,5.26,10,315018.55
40421,207829,9.3,2.56,11,615437.09
2932,175238,11.2,8.88,21,443047.9
38617,188744,11.4,4.96,26,686699.29
25988,187561,6.2,10.24,11,590353.65
47351,117816,10.7,6.25,11,644462.58
18072,110231,3.2,4.54,40,402155.01
7162,142328,3.8,10.61,3,368995.9
37511,20504,8.5,1.6,0,417180.32
1305,90684,5.2,0.82,36,170101.76
37920,103261,10.5,11.49,12,553439.87
36075,62245,11.7,1.62,9,397340.86
40303,103085,7.3,10.75,11,519662.57
30170,12953,7.8,11.26,7,394686.93
21425,81396,2.2,8.35,37,315985.23
33614,55635,7.6,11.97,21,483393.94
30797,248428,8.2,10.07,28,739058.73
5290,93694,3.7,2.13,31,201946.07
13343,213156,5.4,4.62,30,482270.85
47375,202816,10.2,1.64,33,629541.79
6960,178935,8.2,10.99,36,391597.01
26833,203422,7.0,2.81,20,510960.59
9878,122415,9.4,3.87,40,293781.36
6399,133572,1.3,1.7,35,286234.55
32726,164819,5.3,6.22,18,563502.28
35573,222909,1.5,11.39,19,632870.2
39500,201044,10.9,6.74,20,671244.3
4093,84415,5.2,4.55,34,183620.66
4436,220940,10.1,10.55,32,436530.57
25302,183555,8.7,10.97,6,559069.07
30965,53681,10.8,8.69,4,425976.73
38430,172882,7.7,1.02,24,535240.18
14502,241013,8.6,11.13,0,584289.12
22676,51414,11.9,10.01,23,365002.43
27342,16732,2.7,7.39,39,318936.02
28711,183361,7.3,10.43,40,541763.48
21299,58707,11.3,8.01,17,363856.59
28108,103862,4.1,10.86,31,496898.66
17608,162320,1.1,8.46,2,418217.81
44447,185748,3.5,7.83,7,641551.72
11415,241510,9.7,1.26,34,416316.39
17809,183495,8.9,8.49,18,563109.33
36144,80088,4.1,7.06,6,480668.07
14246,27676,7.1,6.23,8,206599.88
34962,14357,6.2,1.76,14,386766.81
6479,204895,8.6,1.28,27,372836.31
41325,102229,5.8,2.14,38,534822.51
34005,206009,11.7,9.34,20,610320.06
3867,154107,1.2,2.26,16,294058.16
14149,241339,8.1,5.0,9,474024.89
20123,137538,1.7,2.62,12,348516.17
2658,233415,5.8,10.2,38,497250.93
35639,80446,7.1,2.15,20,497588.57
27864,140802,6.9,7.61,10,518166.8
48453,249528,4.5,0.94,6,724440.22
1224,152511,1.6,4.96,36,278156.81
8840,229658,3.5,7.73,36,458116.1
32223,154813,8.1,3.75,39,537882.47
26347,122878,11.0,3.23,31,427024.65
42726,124271,6.3,10.83,29,618520.74
36157,235541,5.0,2.16,40,636127.74
26457,72426,10.7,4.73,1,294340.26
29294,216144,4.3,0.99,26,535897.31
15875,110442,2.4,7.7,13,316548.01
27594,115399,10.7,5.8,28,440205.46
24826,93552,4.6,5.09,33,418264.86
14494,69489,3.4,2.7,12,309128.6
41558,100267,10.9,6.8,26,556276.28
25563,173820,4.4,5.02,30,544737.75
20681,242155,10.2,9.41,39,640616.29
28008,18339,3.2,4.38,10,271224.58
29297,52268,11.4,0.77,13,287211.68
26294,153738,8.3,3.64,36,494591.16
38687,209959,9.8,2.23,20,585267.81
31708,69408,10.5,2.0,31,385013.34
41129,144090,9.1,10.57,6,713461.07
5283,27478,1.2,11.08,3,187610.98
24376,58217,9.2,11.52,19,433094.77
5326,100142,7.9,4.13,28,200382.42
19988,84492,2.1,6.96,9,358993.53
11699,113838,2.3,10.97,26,392057.55
31773,188464,11.8,8.43,15,648417.58
8429,179029,11.4,10.96,6,429280.21
25965,128945,5.2,2.46,1,394411.31
39415,185386,11.9,4.67,28,625069.33
2301,133913,11.4,7.02,21,289209.13
6571,237388,5.1,2.54,39,404503.53
10796,34090,11.9,9.6,12,300113.9
42564,89069,4.2,9.62,5,501624.82
33423,9182,7.8,7.29,10,464900.69
24934,228150,3.8,6.4,33,584738.06
21877,242454,2.8,7.97,19,568677.09
18243,122684,12.0,4.38,17,389483.92
31021,177860,1.9,6.84,8,489399.61
41905,7799,9.1,0.72,24,417902.64
26453,14432,8.6,3.61,24,352220.58
22996,101152,9.8,10.32,27,429893.15
23691,193512,3.9,2.72,18,501208.92
18476,26838,11.0,11.07,5,352082.33
34344,239833,2.2,9.82,6,602877.49
16922,24507,2.9,1.25,36,242802.51
5942,7528,9.0,8.97,21,131845.93
41465,23450,2.7,7.7,29,449876.07
44577,32743,7.7,1.15,8,423100.45
14075,245648,9.2,1.43,5,458707.96
29375,212511,8.5,2.92,5,541006.74
26355,88992,7.9,2.72,12,374643.08
47286,53775,6.2,8.91,37,539878.74
5015,121003,3.0,0.57,11,247653.91
36520,155846,11.7,8.55,4,598757.86
13333,54033,10.3,9.2,14,330848.2
39817,82783,7.6,6.33,18,563819.25
15303,116810,3.8,4.46,15,287622.74
45795,70973,4.1,2.35,3,490288.11
5114,134478,4.8,8.93,39,338272.97
45173,205391,10.9,5.63,5,667180.57
21866,159177,9.5,11.02,38,524836.49
18199,195617,10.2,5.68,30,481323.8
25277,135992,4.3,6.12,34,492776.5
39484,49709,1.5,4.56,29,455483.84
31254,90031,11.2,10.23,25,437627.77
30633,45025,2.6,9.13,26,437948.13
2604,233946,2.5,4.14,40,407811.91
29467,212454,10.0,10.91,9,662113.36
39858,53210,3.4,0.69,30,452104.39
2420,135370,5.3,3.99,35,296138.59
19197,64700,3.1,7.48,31,265507.73
11474,132753,11.7,1.19,6,345029.82
5384,89746,8.8,7.49,9,269289.5
15182,114142,6.4,11.5,40,504425.28
11394,93756,7.9,8.37,27,296486.13
35710,78897,4.8,4.79,8,425530.22
25219,153197,11.7,1.23,28,442497.85
22377,185428,3.6,10.53,20,553476.83
42541,245055,10.9,5.98,17,699152.55
22696,188062,3.1,1.96,20,446076.62
42463,155018,11.7,3.13,37,574479.46
17324,133080,7.2,10.74,20,401263.81
34486,235877,2.1,9.13,39,669964.4
31322,162967,10.9,11.39,17,641478.22
5386,122829,5.3,2.72,17,247222.04
4868,129189,3.7,7.78,20,269904.1
24341,221226,7.8,6.96,17,608057.87
21589,163537,10.7,2.8,12,433468.28
40163,163618,2.3,8.93,12,586161.63
17267,212279,5.1,8.56,0,491561.4
20541,73416,3.2,3.91,1,276935.21
6158,101634,6.1,10.96,9,258055.05
30273,169073,5.2,2.31,28,514349.71
18927,124522,4.0,8.62,29,407033.51
19662,47703,7.5,4.21,1,336998.71
37213,130069,5.1,4.13,24,584947.14
37053,11675,7.9,7.93,25,455137.64
3263,173721,4.1,7.0,36,391399.61
3580,236541,6.6,8.81,8,348830.09
10169,44733,2.1,2.38,15,188873.39
