DistanceKM,WeightKG,TrafficScore,FuelPrice,DeliveryTime,DeliveryCost
14.7,29.1,6,100.1,3.6,1310.95
82.2,42.2,7,110.8,4.6,2289.85
14.3,17.0,3,93.5,7.3,1269.41
97.1,44.8,1,109.3,5.7,2524.14
72.3,3.9,4,118.5,7.7,2136.89
58.7,50.9,7,90.6,6.2,2309.23
74.3,53.7,7,106.5,0.8,2108.56
87.8,1.1,2,107.4,3.3,1816.53
134.9,13.6,4,94.6,0.6,2345.82
40.6,30.3,7,94.8,2.0,1469.13
91.5,27.1,6,116.9,3.4,2253.99
67.4,77.4,9,113.1,2.0,2353.05
17.8,31.3,2,112.3,7.1,1482.76
112.3,66.7,4,116.6,6.6,3167.66
54.8,4.8,4,107.0,7.1,1775.7
47.2,17.7,3,115.8,2.0,1601.14
142.1,31.4,6,103.7,3.4,2990.15
72.5,47.9,4,92.3,1.3,1690.43
1.0,3.0,1,115.7,7.6,1077.48
57.8,45.7,3,92.9,3.3,1785.34
97.2,77.7,6,92.3,3.6,2951.93
134.9,24.5,5,103.7,7.5,3064.67
147.5,73.2,2,117.6,6.1,3399.52
139.7,38.4,1,93.4,5.9,2875.39
68.8,71.0,9,98.2,0.7,2263.99
104.1,17.6,7,110.3,0.7,2265.21
75.1,66.5,7,95.3,0.6,2385.45
144.0,70.2,5,111.6,2.0,3107.97
40.8,53.9,4,97.0,3.9,1940.51
131.2,66.9,7,106.8,5.8,3326.33
119.0,57.4,1,98.6,1.2,2369.47
82.1,30.2,6,111.8,4.6,2455.05
48.8,51.3,7,95.2,3.5,1846.83
44.6,65.2,8,110.3,3.6,2130.79
144.2,7.4,5,116.5,3.0,2703.42
113.3,69.0,3,116.7,3.1,2900.37
137.8,78.6,3,108.0,4.6,3290.05
120.0,11.6,4,114.7,3.5,2425.36
123.7,70.5,9,106.3,4.4,3178.14
83.0,75.4,4,110.5,6.4,2635.69
73.9,26.4,6,106.5,3.5,2005.21
87.0,60.1,2,96.8,5.3,2310.27
24.2,55.7,4,111.5,7.2,2017.98
74.8,73.3,5,97.3,3.5,2344.41
124.0,43.6,2,118.5,1.9,2720.27
31.9,66.3,2,92.0,3.9,1655.32
18.7,75.6,7,90.3,5.0,1769.52
46.3,49.7,8,109.1,5.0,2183.76
102.2,78.2,8,99.6,0.7,2682.21
58.2,43.4,2,102.7,4.9,1668.81
132.2,76.0,8,119.8,3.3,3540.94
13.9,20.5,2,92.5,5.9,1119.27
107.6,73.8,8,101.4,3.0,2825.95
49.1,44.4,8,96.5,3.6,1877.15
2.5,10.7,1,118.1,3.8,711.56
104.9,31.4,9,109.6,0.9,2500.96
88.3,56.0,8,95.2,3.9,2596.22
90.6,34.4,3,119.1,1.1,2084.08
72.8,20.3,7,113.3,6.6,2430.78
7.5,15.0,6,116.0,4.9,1113.88
74.5,57.2,2,93.0,1.5,1967.51
84.9,35.3,6,113.8,3.7,2029.48
106.6,71.9,6,109.0,1.3,2640.28
84.0,34.1,2,92.6,7.1,2274.59
100.0,38.2,9,117.6,7.3,2944.64
25.1,45.8,4,103.4,8.0,1719.95
56.6,21.4,2,119.1,5.4,1726.5
6.9,16.6,5,94.0,5.8,1148.12
2.7,5.3,1,93.4,5.5,818.95
132.2,11.4,4,115.8,6.5,2819.0
29.1,38.2,8,96.4,1.8,1381.83
128.9,6.1,3,115.7,1.6,2347.48
114.3,38.5,2,107.0,2.4,2453.83
54.9,18.4,5,102.2,6.1,1628.91
7.4,26.0,7,90.8,5.5,1429.95
91.4,69.4,3,104.4,7.6,2697.26
76.9,32.8,3,97.2,4.4,2005.3
90.4,33.7,9,92.5,7.2,2660.15
22.7,51.5,6,98.3,2.6,1321.01
51.9,67.0,10,99.8,2.8,1942.57
142.3,41.2,7,112.7,6.8,3210.51
102.6,48.1,10,94.1,3.0,2648.84
104.0,78.0,9,105.5,5.2,3108.55
41.4,23.5,9,96.8,7.5,2066.43
49.3,19.5,4,100.5,2.8,1612.78
62.3,21.5,7,110.1,1.9,1712.39
92.3,63.1,5,95.7,5.6,2617.37
31.5,37.3,9,95.2,5.9,1704.42
131.5,51.3,4,107.9,5.3,2910.77
121.6,30.3,7,104.5,2.5,2915.59
85.7,43.2,3,97.6,1.0,2130.28
83.1,31.7,2,95.7,7.5,2343.19
139.2,36.7,9,107.5,2.6,3013.79
8.6,34.5,8,107.9,4.1,1384.61
58.6,10.0,3,93.7,6.2,1764.61
11.5,9.0,9,98.1,6.4,1403.53
138.9,55.1,4,91.2,5.5,3184.35
146.5,57.7,5,102.9,2.2,3153.23
93.1,45.9,5,117.8,3.2,2450.11
88.0,61.1,3,114.2,6.7,2638.17
31.3,49.5,3,92.7,6.1,1776.29
73.5,8.1,7,96.6,3.9,1946.39
25.7,14.3,4,98.4,0.5,992.73
129.3,68.0,8,96.4,1.3,2939.25
13.2,57.1,8,94.5,7.2,1922.06
4.4,61.3,4,116.5,4.2,1267.72
118.6,42.2,6,90.6,4.3,2680.39
31.6,12.0,2,108.0,5.7,1446.76
57.3,63.2,4,96.5,3.1,1977.27
134.9,30.7,8,118.8,5.6,3339.64
84.9,51.8,2,103.6,6.5,2324.32
57.8,39.5,8,117.3,1.2,2022.29
39.0,18.7,6,117.3,2.4,1568.57
88.2,41.6,9,114.3,6.8,2806.02
146.9,29.5,4,92.7,7.4,3302.51
8.5,6.8,5,103.6,2.7,1064.15
128.9,22.6,3,96.9,2.8,2463.77
14.7,4.6,3,98.6,4.0,987.5
64.1,13.9,1,114.2,2.0,1541.64
16.1,65.5,3,106.0,6.3,1620.71
83.5,29.8,3,94.6,7.5,2293.14
128.5,61.4,9,114.4,4.3,3283.8
134.3,31.8,3,91.5,1.7,2772.67
125.3,46.1,5,103.9,3.9,3044.73
106.8,57.2,3,109.2,6.2,2887.2
1.1,37.1,8,110.3,3.5,1359.79
81.7,32.6,9,104.0,5.4,2254.66
87.0,67.1,7,112.5,4.4,2658.33
61.7,40.5,8,93.8,0.8,2263.46
126.4,9.7,7,101.5,2.7,2775.26
4.6,39.2,1,96.5,6.3,1186.19
89.0,60.8,3,109.5,2.8,2243.7
37.4,1.8,4,117.1,2.4,1123.06
56.4,16.8,3,102.5,0.9,1576.26
142.2,71.8,2,98.9,0.9,2847.91
98.4,35.0,10,98.8,6.7,2833.41
83.2,3.7,8,92.0,3.0,1974.4
2.6,8.6,9,98.1,0.7,1076.43
33.6,41.9,1,103.5,3.0,1323.46
49.7,29.8,9,107.6,7.1,2066.13
114.0,35.0,9,91.1,6.3,2897.57
11.0,77.5,7,99.9,5.9,1677.97
110.0,51.0,3,94.3,7.4,2898.33
59.8,3.8,5,90.4,1.5,1559.27
63.3,15.9,3,102.8,4.8,1863.88
148.7,13.5,1,98.0,4.1,2721.14
10.8,37.7,3,117.7,4.2,1398.78
135.0,49.5,6,115.5,7.7,3393.62
39.5,44.9,6,108.9,2.9,1844.93
107.8,41.8,5,114.2,6.3,2932.01
37.5,65.3,7,104.5,3.0,1777.56
108.9,32.7,10,99.0,7.0,2936.47
16.9,12.3,4,115.3,2.1,1199.03
23.8,8.3,9,105.2,3.6,1375.94
60.6,45.5,5,92.4,1.7,1582.35
10.9,25.5,1,103.1,6.6,1228.52
24.0,38.1,1,100.0,3.3,1210.41
149.7,74.3,7,107.7,3.5,3618.05
127.6,23.3,10,114.1,3.0,2786.06
128.1,8.5,2,113.9,0.6,2208.03
81.5,39.7,2,118.0,6.5,2288.74
8.7,38.0,1,94.0,7.9,1252.95
55.6,55.0,6,110.0,1.2,1987.27
15.9,79.7,2,119.6,5.1,1788.11
123.4,15.8,3,116.9,6.7,2623.82
44.4,67.0,2,115.0,2.6,1809.93
10.7,48.7,5,94.7,6.3,1375.86
34.3,23.1,7,115.6,5.5,1709.37
104.5,64.9,6,118.6,2.8,2645.94
63.3,74.5,5,110.0,2.1,2018.86
69.7,56.4,1,92.4,4.9,2115.81
67.9,12.4,2,98.5,3.0,1686.01
48.7,19.5,8,103.1,1.4,1465.6
83.3,47.2,4,116.9,5.4,2189.3
55.3,31.6,6,92.0,0.7,1714.89
28.8,40.1,7,113.5,7.0,1797.74
68.0,65.4,7,109.8,7.7,2615.9
28.4,69.6,3,118.6,3.6,1491.26
73.5,79.1,3,91.3,1.6,2053.31
42.4,16.6,3,102.5,6.3,1593.24
95.1,57.1,10,101.2,0.5,2354.21
75.7,17.3,6,110.4,6.9,2261.84
111.9,22.2,7,116.7,8.0,2751.77
65.8,76.0,1,103.6,5.9,2165.96
82.5,43.3,8,91.3,3.0,2192.03
119.0,38.2,7,117.9,7.4,3157.98
91.7,18.9,6,115.0,2.2,2166.97
128.0,65.4,10,97.6,2.5,3431.84
80.1,3.7,8,97.2,0.5,1898.11
120.7,43.1,9,118.2,0.6,2823.62
130.4,58.8,5,113.1,5.5,3001.83
80.6,44.4,2,115.7,7.4,2387.44
59.0,58.2,3,106.4,2.0,1887.4
97.4,75.8,1,93.0,7.5,2701.71
109.9,13.9,5,110.2,3.6,2478.83
25.4,8.3,5,99.3,4.6,1250.33
82.8,6.0,3,116.2,6.9,2210.79
117.0,63.7,5,119.0,1.4,2798.46
68.2,10.2,9,104.0,1.4,1821.45
13.4,63.2,6,95.3,6.5,1641.36
82.3,20.4,1,117.3,5.2,2242.9
148.8,13.4,6,94.8,6.6,3052.92
80.7,38.6,6,90.9,6.9,2448.43
121.3,62.2,7,96.4,1.9,2769.55
96.0,62.0,2,119.3,6.1,2799.5
117.3,44.8,8,101.6,5.3,2724.98
30.7,3.8,8,95.6,4.8,1640.65
56.5,27.4,1,119.1,7.0,1895.04
13.7,67.5,10,105.6,6.2,1843.49
83.5,44.4,6,93.6,6.6,2412.61
118.1,51.2,4,99.4,6.7,2861.09
9.2,24.4,3,110.9,6.6,1507.09
149.9,22.8,7,119.4,7.8,3279.9
111.1,32.8,1,119.4,3.0,2496.33
107.1,69.6,9,108.1,6.9,3157.54
40.4,27.0,2,95.5,2.1,1384.5
120.3,18.9,5,99.3,6.2,2718.06
12.9,57.2,10,116.1,4.6,1534.55
136.0,52.8,2,116.9,6.1,3357.27
63.6,52.8,5,112.2,1.5,2068.89
15.1,75.6,1,93.2,4.1,1360.22
81.8,21.5,10,118.2,7.2,2593.83
37.9,27.1,3,109.5,4.8,1674.38
3.5,17.9,3,95.1,7.7,1045.12
129.7,41.0,7,90.2,4.4,2932.53
116.7,15.4,9,97.1,3.7,2869.84
92.4,31.4,9,98.8,1.5,2465.7
87.2,21.9,10,115.7,1.4,2269.59
63.6,52.0,8,90.0,1.4,1889.37
104.0,46.3,10,93.6,5.5,2775.85
20.7,3.7,4,112.3,6.0,1249.8
33.5,76.8,10,90.1,2.1,1937.52
17.5,55.8,7,93.2,2.0,1607.16
118.1,69.6,6,119.3,3.3,3169.75
78.3,22.4,4,115.7,1.6,1860.77
100.2,75.8,4,104.7,7.6,3008.76
66.2,20.5,7,103.9,1.0,1843.53
69.4,23.5,7,93.3,2.7,1920.07
43.2,14.6,1,104.2,6.2,1629.14
46.2,18.3,4,110.7,2.6,1567.79
72.0,31.6,3,104.4,3.8,2104.79
97.1,31.1,9,105.3,7.5,2937.56
17.4,57.8,9,97.6,1.2,1652.01
47.2,32.6,2,107.0,7.1,1701.1
36.9,23.0,4,112.7,5.5,1456.44
120.1,42.6,3,108.8,7.8,2874.51
1.5,76.7,6,113.1,6.3,1624.4
72.7,15.4,5,111.6,3.7,2003.09
104.7,22.1,4,108.9,5.5,2624.77
54.2,30.7,10,95.9,2.3,1888.0
7.8,27.2,8,112.8,4.5,1260.12
84.8,55.3,2,107.0,1.5,2151.28
62.2,4.0,8,102.4,8.0,2250.64
146.4,35.6,3,96.6,2.1,2918.71
56.3,3.4,1,117.5,3.6,1644.58
133.6,71.5,2,100.2,2.3,2928.01
18.7,64.5,10,106.1,5.2,1941.87
103.7,43.5,1,117.8,4.2,2410.51
148.8,63.8,6,93.0,4.3,3372.15
1.0,55.9,6,112.6,4.7,1605.8
25.5,59.2,10,90.6,2.6,1815.88
110.9,58.7,4,114.8,2.0,2717.58
45.0,5.4,8,96.8,1.5,1663.97
31.4,50.4,5,115.0,3.7,1882.02
103.5,66.8,3,104.2,0.6,2359.09
103.0,71.5,2,92.5,1.7,2585.52
11.9,33.5,7,96.9,6.6,1509.68
83.7,54.3,10,117.0,7.4,3012.2
147.7,71.0,3,114.9,5.0,3323.22
67.9,14.2,8,98.4,2.5,1830.75
32.9,58.8,1,95.9,2.7,1511.76
14.6,46.7,3,117.0,2.2,1148.56
105.3,76.0,2,106.8,3.5,2585.61
122.7,4.7,3,106.2,2.2,2165.27
19.8,72.7,9,115.7,4.6,2100.51
13.5,42.2,2,97.8,3.0,1243.61
21.3,14.7,7,104.7,6.8,1667.04
105.1,7.6,3,108.7,1.0,2211.32
108.4,44.0,6,103.8,5.6,2887.42
5.9,1.4,1,113.3,5.7,909.84
129.6,58.0,2,99.7,6.2,3066.66
13.3,15.6,2,103.2,7.2,1080.42
97.5,5.1,10,90.8,1.6,2155.87
18.2,73.2,5,112.6,2.5,1728.31
13.7,65.1,10,110.0,4.6,1821.13
115.4,12.5,5,105.0,6.4,2766.09
47.8,37.8,9,103.0,0.7,1772.51
39.9,20.0,6,109.1,1.2,1442.76
108.9,22.4,3,102.2,4.7,2424.58
41.1,18.6,6,101.1,0.9,1478.36
47.2,14.0,10,101.3,0.8,1590.1
8.9,17.0,7,108.1,5.1,1133.14
69.5,28.7,1,113.2,6.3,2221.83
79.3,10.5,1,98.0,0.9,1539.27
19.2,31.6,9,93.7,4.7,1558.72
94.2,21.1,3,106.4,4.1,2191.41
132.2,20.3,4,101.3,6.2,2793.89
40.9,12.8,2,94.2,3.5,1308.96
102.0,58.2,9,107.1,5.5,2932.93
24.6,19.8,7,112.7,1.5,1199.41
